timestamp,county,lat,lon,temp_c,humidity_pct,precip_mm
2026-03-01 01:05:10,Baringo,0.72635,36.01859,20.1,89,0.9
2026-03-01 01:05:10,Bomet,-0.71609,35.23846,16.5,96,0.3
2026-03-01 01:05:10,Bungoma,0.78569,34.71876,15.6,91,0
2026-03-01 01:05:10,Busia,0.37571,34.26511,19,92,0
2026-03-01 01:05:10,Elgeyo-Marakwet,0.7451,35.56086,15.2,93,1.5
2026-03-01 01:05:10,Embu,-0.53283,37.66463,19,89,0
2026-03-01 01:05:10,Garissa,-0.52049,40.35559,25.8,77,0
2026-03-01 01:05:10,Homa Bay,-0.5624,34.31453,18.6,81,0.2
2026-03-01 01:05:10,Isiolo,1.00639,38.74765,28,60,0
2026-03-01 01:05:10,Kajiado,-2.11237,36.77761,17.9,90,0.5
2026-03-01 01:05:10,Kakamega,0.49719,34.80093,17.5,94,0
2026-03-01 01:05:10,Kericho,-0.31668,35.226,18,96,0.4
2026-03-01 01:05:10,Kiambu,-1.03438,36.84322,14.2,95,0.2
2026-03-01 01:05:10,Kilifi,-3.15244,39.67271,26.1,85,0
2026-03-01 01:05:10,Kirinyaga,-0.46735,37.3019,16.4,97,0.3
2026-03-01 01:05:10,Kisii,-0.73668,34.75351,18,97,0.2
2026-03-01 01:05:10,Kisumu,-0.19438,34.77733,21.1,88,0.2
2026-03-01 01:05:10,Kitui,-1.56049,38.37181,23.6,88,0.2
2026-03-01 01:05:10,Kwale,-4.12059,39.06614,23.9,93,0.2
2026-03-01 01:05:10,Laikipia,0.28913,36.82525,16.5,91,0.2
2026-03-01 01:05:10,Lamu,-2.06368,40.54583,26.1,88,0
2026-03-01 01:05:10,Machakos,-1.27624,37.3946,19,90,0.2
2026-03-01 01:05:10,Makueni,-2.25364,37.87666,21.1,92,0.3
2026-03-01 01:05:10,Mandera,3.23096,40.71135,26.7,48,0
2026-03-01 01:05:10,Marsabit,2.86048,37.71488,28.2,61,0
2026-03-01 01:05:10,Meru,0.22905,37.77611,19,81,0
2026-03-01 01:05:10,Migori,-1.0187,34.30917,19.2,87,0.3
2026-03-01 01:05:10,Mombasa,-3.99045,39.70113,25.6,90,0.3
2026-03-01 01:05:10,Murang'a,-0.82852,37.00417,15.4,94,0.1
2026-03-01 01:05:10,Nairobi,-1.30049,36.82793,16.9,95,0.4
2026-03-01 01:05:10,Nandi,0.22735,35.12388,14.9,97,1.4
2026-03-01 01:05:10,Narok,-1.27988,35.47636,16.6,95,0.1
2026-03-01 01:05:10,Nyamira,-0.64938,34.9334,16.5,98,0.1
2026-03-01 01:05:10,Nyandarua,-0.38909,36.49743,13.9,94,0.3
2026-03-01 01:05:10,Nyeri,-0.31437,36.93047,11.3,99,0.5
2026-03-01 01:05:10,Samburu,1.54137,36.94154,22.3,77,0
2026-03-01 01:05:10,Siaya,-0.05767,34.19989,20.5,88,0
2026-03-01 01:05:10,Taita Taveta,-3.4052,38.37176,18.1,93,0.3
2026-03-01 01:05:10,Tana River,-1.53492,39.55029,25.7,80,0.3
2026-03-01 01:05:10,Tharaka-Nithi,-0.19145,37.96042,24.4,71,0
2026-03-01 01:05:10,Trans Nzoia,1.04592,34.98078,15.9,95,0.4
2026-03-01 01:05:10,Turkana,3.16249,35.31349,25.5,67,0
2026-03-01 01:05:10,Uasin Gishu,0.47819,35.3038,14.9,95,0.4
2026-03-01 01:05:10,Vihiga,0.08486,34.70778,17.7,95,0
2026-03-01 01:05:10,Wajir,1.93971,40.02451,29.1,50,0
2026-03-01 01:05:10,West Pokot,1.89337,35.21277,18,92,0
2026-03-01 01:05:10,Nakuru,-0.45845,36.10038,15.8,92,0.4
2026-03-01 02:22:50,Baringo,0.72635,36.01859,19.9,89,0.6
2026-03-01 02:22:50,Bomet,-0.71609,35.23846,16.3,95,0.4
2026-03-01 02:22:50,Bungoma,0.78569,34.71876,15.6,92,0
2026-03-01 02:22:50,Busia,0.37571,34.26511,18.8,93,0
2026-03-01 02:22:50,Elgeyo-Marakwet,0.7451,35.56086,15.3,86,0.7
2026-03-01 02:22:50,Embu,-0.53283,37.66463,18.4,92,0
2026-03-01 02:22:50,Garissa,-0.52049,40.35559,24.9,82,0
2026-03-01 02:22:50,Homa Bay,-0.5624,34.31453,18.5,78,0.1
2026-03-01 02:22:50,Isiolo,1.00639,38.74765,26.7,65,0
2026-03-01 02:22:50,Kajiado,-2.11237,36.77761,17.7,90,0.2
2026-03-01 02:22:50,Kakamega,0.49719,34.80093,17.5,92,0.2
2026-03-01 02:22:50,Kericho,-0.31668,35.226,17.8,88,0.3
2026-03-01 02:22:50,Kiambu,-1.03438,36.84322,14,96,0
2026-03-01 02:22:50,Kilifi,-3.15244,39.67271,25.9,86,0
2026-03-01 02:22:50,Kirinyaga,-0.46735,37.3019,16.1,96,0.2
2026-03-01 02:22:50,Kisii,-0.73668,34.75351,17.9,98,0.1
2026-03-01 02:22:50,Kisumu,-0.19438,34.77733,20.4,90,0.2
2026-03-01 02:22:50,Kitui,-1.56049,38.37181,23,89,0.1
2026-03-01 02:22:50,Kwale,-4.12059,39.06614,23.6,93,0.3
2026-03-01 02:22:50,Laikipia,0.28913,36.82525,16.5,92,0
2026-03-01 02:22:50,Lamu,-2.06368,40.54583,26,89,0
2026-03-01 02:22:50,Machakos,-1.27624,37.3946,18.4,91,0.1
2026-03-01 02:22:50,Makueni,-2.25364,37.87666,20.8,92,0.4
2026-03-01 02:22:50,Mandera,3.23096,40.71135,26.7,50,0
2026-03-01 02:22:50,Marsabit,2.86048,37.71488,27.6,64,0
2026-03-01 02:22:50,Meru,0.22905,37.77611,18,83,0
2026-03-01 02:22:50,Migori,-1.0187,34.30917,18.8,85,0.3
2026-03-01 02:22:50,Mombasa,-3.99045,39.70113,25.3,91,0.3
2026-03-01 02:22:50,Murang'a,-0.82852,37.00417,15,94,0.1
2026-03-01 02:22:50,Nairobi,-1.30049,36.82793,16.6,95,0.2
2026-03-01 02:22:50,Nandi,0.22735,35.12388,14.7,95,1.6
2026-03-01 02:22:50,Narok,-1.27988,35.47636,16.4,95,0
2026-03-01 02:22:50,Nyamira,-0.64938,34.9334,16.4,98,0.1
2026-03-01 02:22:50,Nyandarua,-0.38909,36.49743,13.8,95,0.2
2026-03-01 02:22:50,Nyeri,-0.31437,36.93047,11.4,98,0.5
2026-03-01 02:22:50,Samburu,1.54137,36.94154,21.3,80,0.1
2026-03-01 02:22:50,Siaya,-0.05767,34.19989,20.5,86,0
2026-03-01 02:22:50,Taita Taveta,-3.4052,38.37176,17.8,93,0.1
2026-03-01 02:22:50,Tana River,-1.53492,39.55029,25.1,85,0.4
2026-03-01 02:22:50,Tharaka-Nithi,-0.19145,37.96042,23.5,77,0
2026-03-01 02:22:50,Trans Nzoia,1.04592,34.98078,15.7,96,0.2
2026-03-01 02:22:50,Turkana,3.16249,35.31349,24.8,70,0
2026-03-01 02:22:50,Uasin Gishu,0.47819,35.3038,14.6,95,0.5
2026-03-01 02:22:50,Vihiga,0.08486,34.70778,17.4,96,0
2026-03-01 02:22:50,Wajir,1.93971,40.02451,28.1,58,0
2026-03-01 02:22:50,West Pokot,1.89337,35.21277,17.3,93,0.2
2026-03-01 02:22:50,Nakuru,-0.45845,36.10038,15.6,94,0.5
2026-03-01 05:04:21,Baringo,0.72635,36.01859,19.2,92,0.2
2026-03-01 05:04:21,Bomet,-0.71609,35.23846,15.6,94,1
2026-03-01 05:04:21,Bungoma,0.78569,34.71876,16.1,94,0.5
2026-03-01 05:04:21,Busia,0.37571,34.26511,18.9,92,0.1
2026-03-01 05:04:21,Elgeyo-Marakwet,0.7451,35.56086,14.7,83,0.1
2026-03-01 05:04:21,Embu,-0.53283,37.66463,17.6,90,0
2026-03-01 05:04:21,Garissa,-0.52049,40.35559,24.4,87,0
2026-03-01 05:04:21,Homa Bay,-0.5624,34.31453,18.4,82,0.1
2026-03-01 05:04:21,Isiolo,1.00639,38.74765,25.2,76,0
2026-03-01 05:04:21,Kajiado,-2.11237,36.77761,17.2,91,0.1
2026-03-01 05:04:21,Kakamega,0.49719,34.80093,16.7,94,1.7
2026-03-01 05:04:21,Kericho,-0.31668,35.226,16.4,92,2.4
2026-03-01 05:04:21,Kiambu,-1.03438,36.84322,13.3,99,0
2026-03-01 05:04:21,Kilifi,-3.15244,39.67271,25.4,89,0
2026-03-01 05:04:21,Kirinyaga,-0.46735,37.3019,16.1,94,0
2026-03-01 05:04:21,Kisii,-0.73668,34.75351,17.7,93,0
2026-03-01 05:04:21,Kisumu,-0.19438,34.77733,18.8,94,1.2
2026-03-01 05:04:21,Kitui,-1.56049,38.37181,22.4,91,0.2
2026-03-01 05:04:21,Kwale,-4.12059,39.06614,23.2,96,0
2026-03-01 05:04:21,Laikipia,0.28913,36.82525,16.2,93,0
2026-03-01 05:04:21,Lamu,-2.06368,40.54583,26,90,0
2026-03-01 05:04:21,Machakos,-1.27624,37.3946,18.3,93,0
2026-03-01 05:04:21,Makueni,-2.25364,37.87666,20.5,91,0.2
2026-03-01 05:04:21,Mandera,3.23096,40.71135,24.4,81,0
2026-03-01 05:04:21,Marsabit,2.86048,37.71488,25.9,73,0.1
2026-03-01 05:04:21,Meru,0.22905,37.77611,18.2,86,0
2026-03-01 05:04:21,Migori,-1.0187,34.30917,19.1,84,0
2026-03-01 05:04:21,Mombasa,-3.99045,39.70113,24.9,92,0
2026-03-01 05:04:21,Murang'a,-0.82852,37.00417,14.8,97,0
2026-03-01 05:04:21,Nairobi,-1.30049,36.82793,16.3,94,0
2026-03-01 05:04:21,Nandi,0.22735,35.12388,13.9,90,0.6
2026-03-01 05:04:21,Narok,-1.27988,35.47636,16.1,97,0.3
2026-03-01 05:04:21,Nyamira,-0.64938,34.9334,15.2,90,0.7
2026-03-01 05:04:21,Nyandarua,-0.38909,36.49743,13.7,96,0.1
2026-03-01 05:04:21,Nyeri,-0.31437,36.93047,11.4,90,0
2026-03-01 05:04:21,Samburu,1.54137,36.94154,21,81,0
2026-03-01 05:04:21,Siaya,-0.05767,34.19989,19.1,91,0.2
2026-03-01 05:04:21,Taita Taveta,-3.4052,38.37176,17.5,95,0
2026-03-01 05:04:21,Tana River,-1.53492,39.55029,24.7,87,0.4
2026-03-01 05:04:21,Tharaka-Nithi,-0.19145,37.96042,22.8,83,0.4
2026-03-01 05:04:21,Trans Nzoia,1.04592,34.98078,15.2,96,0.7
2026-03-01 05:04:21,Turkana,3.16249,35.31349,24.9,67,0
2026-03-01 05:04:21,Uasin Gishu,0.47819,35.3038,13.4,91,0.6
2026-03-01 05:04:21,Vihiga,0.08486,34.70778,17.1,96,1.5
2026-03-01 05:04:21,Wajir,1.93971,40.02451,25.9,72,0
2026-03-01 05:04:21,West Pokot,1.89337,35.21277,16.6,95,0.1
2026-03-01 05:04:21,Nakuru,-0.45845,36.10038,15.2,98,0.4
2026-03-01 07:55:08,Baringo,0.72635,36.01859,19.6,85,0
2026-03-01 07:55:08,Bomet,-0.71609,35.23846,15.1,91,1.3
2026-03-01 07:55:08,Bungoma,0.78569,34.71876,16.1,93,0
2026-03-01 07:55:08,Busia,0.37571,34.26511,18.4,88,0
2026-03-01 07:55:08,Elgeyo-Marakwet,0.7451,35.56086,15.1,91,0
2026-03-01 07:55:08,Embu,-0.53283,37.66463,18.1,89,0
2026-03-01 07:55:08,Garissa,-0.52049,40.35559,25.7,81,0
2026-03-01 07:55:08,Homa Bay,-0.5624,34.31453,17,89,0.1
2026-03-01 07:55:08,Isiolo,1.00639,38.74765,24.9,80,0
2026-03-01 07:55:08,Kajiado,-2.11237,36.77761,17,91,0
2026-03-01 07:55:08,Kakamega,0.49719,34.80093,16.6,87,0.2
2026-03-01 07:55:08,Kericho,-0.31668,35.226,17.1,87,0
2026-03-01 07:55:08,Kiambu,-1.03438,36.84322,13.3,96,0
2026-03-01 07:55:08,Kilifi,-3.15244,39.67271,26.4,85,0
2026-03-01 07:55:08,Kirinyaga,-0.46735,37.3019,15.9,95,0
2026-03-01 07:55:08,Kisii,-0.73668,34.75351,16.3,89,0.5
2026-03-01 07:55:08,Kisumu,-0.19438,34.77733,18.5,88,0
2026-03-01 07:55:08,Kitui,-1.56049,38.37181,22.1,85,0.1
2026-03-01 07:55:08,Kwale,-4.12059,39.06614,24.2,91,0
2026-03-01 07:55:08,Laikipia,0.28913,36.82525,15.9,91,0
2026-03-01 07:55:08,Lamu,-2.06368,40.54583,27.3,84,0
2026-03-01 07:55:08,Machakos,-1.27624,37.3946,18.4,93,0
2026-03-01 07:55:08,Makueni,-2.25364,37.87666,19.9,93,0.2
2026-03-01 07:55:08,Mandera,3.23096,40.71135,24.6,77,0
2026-03-01 07:55:08,Marsabit,2.86048,37.71488,25.3,72,0.1
2026-03-01 07:55:08,Meru,0.22905,37.77611,19.2,78,0
2026-03-01 07:55:08,Migori,-1.0187,34.30917,18.5,86,0
2026-03-01 07:55:08,Mombasa,-3.99045,39.70113,25.7,89,0
2026-03-01 07:55:08,Murang'a,-0.82852,37.00417,14.5,96,0
2026-03-01 07:55:08,Nairobi,-1.30049,36.82793,16.4,91,0
2026-03-01 07:55:08,Nandi,0.22735,35.12388,14.1,86,0.1
2026-03-01 07:55:08,Narok,-1.27988,35.47636,15.7,97,0.2
2026-03-01 07:55:08,Nyamira,-0.64938,34.9334,15.1,89,1.3
2026-03-01 07:55:08,Nyandarua,-0.38909,36.49743,13.4,95,0
2026-03-01 07:55:08,Nyeri,-0.31437,36.93047,11.2,80,0
2026-03-01 07:55:08,Samburu,1.54137,36.94154,20.5,84,0
2026-03-01 07:55:08,Siaya,-0.05767,34.19989,18.9,92,0.1
2026-03-01 07:55:08,Taita Taveta,-3.4052,38.37176,17.5,95,0
2026-03-01 07:55:08,Tana River,-1.53492,39.55029,24.9,86,0
2026-03-01 07:55:08,Tharaka-Nithi,-0.19145,37.96042,22.8,82,0
2026-03-01 07:55:08,Trans Nzoia,1.04592,34.98078,15.2,95,0.1
2026-03-01 07:55:08,Turkana,3.16249,35.31349,24.2,76,0
2026-03-01 07:55:08,Uasin Gishu,0.47819,35.3038,14.1,90,0.1
2026-03-01 07:55:08,Vihiga,0.08486,34.70778,16.6,91,0.1
2026-03-01 07:55:08,Wajir,1.93971,40.02451,25.8,72,0
2026-03-01 07:55:08,West Pokot,1.89337,35.21277,16.6,95,0
2026-03-01 07:55:08,Nakuru,-0.45845,36.10038,15.2,94,0
2026-03-01 08:53:14,Baringo,0.72635,36.01859,21.1,80,0
2026-03-01 08:53:14,Bomet,-0.71609,35.23846,15.5,89,0.2
2026-03-01 08:53:14,Bungoma,0.78569,34.71876,17.5,86,0
2026-03-01 08:53:14,Busia,0.37571,34.26511,19.1,84,0
2026-03-01 08:53:14,Elgeyo-Marakwet,0.7451,35.56086,16.1,88,0
2026-03-01 08:53:14,Embu,-0.53283,37.66463,19.6,85,0
2026-03-01 08:53:14,Garissa,-0.52049,40.35559,27.3,73,0
2026-03-01 08:53:14,Homa Bay,-0.5624,34.31453,17.3,88,0.3
2026-03-01 08:53:14,Isiolo,1.00639,38.74765,25.7,77,0.3
2026-03-01 08:53:14,Kajiado,-2.11237,36.77761,17.5,90,0
2026-03-01 08:53:14,Kakamega,0.49719,34.80093,17.7,83,0
2026-03-01 08:53:14,Kericho,-0.31668,35.226,18.3,85,0
2026-03-01 08:53:14,Kiambu,-1.03438,36.84322,14.2,90,0
2026-03-01 08:53:14,Kilifi,-3.15244,39.67271,28.1,74,0
2026-03-01 08:53:14,Kirinyaga,-0.46735,37.3019,17.5,87,0
2026-03-01 08:53:14,Kisii,-0.73668,34.75351,16.9,88,0.8
2026-03-01 08:53:14,Kisumu,-0.19438,34.77733,18.9,86,0
2026-03-01 08:53:14,Kitui,-1.56049,38.37181,22.9,83,0.1
2026-03-01 08:53:14,Kwale,-4.12059,39.06614,25.8,83,0
2026-03-01 08:53:14,Laikipia,0.28913,36.82525,16.8,86,0
2026-03-01 08:53:14,Lamu,-2.06368,40.54583,29.1,73,0
2026-03-01 08:53:14,Machakos,-1.27624,37.3946,19,90,0.1
2026-03-01 08:53:14,Makueni,-2.25364,37.87666,20.5,91,0.2
2026-03-01 08:53:14,Mandera,3.23096,40.71135,26.5,68,0
2026-03-01 08:53:14,Marsabit,2.86048,37.71488,26.3,66,0.1
2026-03-01 08:53:14,Meru,0.22905,37.77611,21.3,71,0
2026-03-01 08:53:14,Migori,-1.0187,34.30917,18.1,89,0.1
2026-03-01 08:53:14,Mombasa,-3.99045,39.70113,27.3,81,0
2026-03-01 08:53:14,Murang'a,-0.82852,37.00417,15.5,90,0
2026-03-01 08:53:14,Nairobi,-1.30049,36.82793,17.1,88,0
2026-03-01 08:53:14,Nandi,0.22735,35.12388,15.3,84,0
2026-03-01 08:53:14,Narok,-1.27988,35.47636,15.9,95,0.9
2026-03-01 08:53:14,Nyamira,-0.64938,34.9334,16.4,86,0.3
2026-03-01 08:53:14,Nyandarua,-0.38909,36.49743,14.1,91,0
2026-03-01 08:53:14,Nyeri,-0.31437,36.93047,12.6,77,0
2026-03-01 08:53:14,Samburu,1.54137,36.94154,21.1,80,0.1
2026-03-01 08:53:14,Siaya,-0.05767,34.19989,19.1,89,0
2026-03-01 08:53:14,Taita Taveta,-3.4052,38.37176,18.2,92,0
2026-03-01 08:53:14,Tana River,-1.53492,39.55029,26,81,0
2026-03-01 08:53:14,Tharaka-Nithi,-0.19145,37.96042,23.8,78,0
2026-03-01 08:53:14,Trans Nzoia,1.04592,34.98078,16.1,93,0
2026-03-01 08:53:14,Turkana,3.16249,35.31349,25.4,72,0
2026-03-01 08:53:14,Uasin Gishu,0.47819,35.3038,15.4,83,0
2026-03-01 08:53:14,Vihiga,0.08486,34.70778,17.2,91,0
2026-03-01 08:53:14,Wajir,1.93971,40.02451,26.4,70,0
2026-03-01 08:53:14,West Pokot,1.89337,35.21277,18.5,86,0
2026-03-01 08:53:14,Nakuru,-0.45845,36.10038,16.5,88,0
2026-03-01 09:45:15,Baringo,0.72635,36.01859,22.6,73,0
2026-03-01 09:45:15,Bomet,-0.71609,35.23846,16.4,88,0
2026-03-01 09:45:15,Bungoma,0.78569,34.71876,18.9,81,0
2026-03-01 09:45:15,Busia,0.37571,34.26511,20.2,78,0
2026-03-01 09:45:15,Elgeyo-Marakwet,0.7451,35.56086,17,85,0
2026-03-01 09:45:15,Embu,-0.53283,37.66463,21,81,0
2026-03-01 09:45:15,Garissa,-0.52049,40.35559,29.4,62,0
2026-03-01 09:45:15,Homa Bay,-0.5624,34.31453,18.5,86,0.3
2026-03-01 09:45:15,Isiolo,1.00639,38.74765,26.9,71,0.1
2026-03-01 09:45:15,Kajiado,-2.11237,36.77761,17.8,89,0
2026-03-01 09:45:15,Kakamega,0.49719,34.80093,19.1,79,0
2026-03-01 09:45:15,Kericho,-0.31668,35.226,20,81,0
2026-03-01 09:45:15,Kiambu,-1.03438,36.84322,15.2,85,0
2026-03-01 09:45:15,Kilifi,-3.15244,39.67271,29.7,65,0
2026-03-01 09:45:15,Kirinyaga,-0.46735,37.3019,18.7,80,0
2026-03-01 09:45:15,Kisii,-0.73668,34.75351,18.2,85,0.4
2026-03-01 09:45:15,Kisumu,-0.19438,34.77733,19.5,84,0
2026-03-01 09:45:15,Kitui,-1.56049,38.37181,24.3,78,0
2026-03-01 09:45:15,Kwale,-4.12059,39.06614,26.9,76,0.1
2026-03-01 09:45:15,Laikipia,0.28913,36.82525,18.2,78,0
2026-03-01 09:45:15,Lamu,-2.06368,40.54583,31,63,0
2026-03-01 09:45:15,Machakos,-1.27624,37.3946,19.9,88,0.1
2026-03-01 09:45:15,Makueni,-2.25364,37.87666,21.1,88,0.1
2026-03-01 09:45:15,Mandera,3.23096,40.71135,28.3,60,0
2026-03-01 09:45:15,Marsabit,2.86048,37.71488,27.9,60,0
2026-03-01 09:45:15,Meru,0.22905,37.77611,23.3,63,0
2026-03-01 09:45:15,Migori,-1.0187,34.30917,18.4,87,0.4
2026-03-01 09:45:15,Mombasa,-3.99045,39.70113,28.8,72,0
2026-03-01 09:45:15,Murang'a,-0.82852,37.00417,16.8,84,0
2026-03-01 09:45:15,Nairobi,-1.30049,36.82793,17.4,85,0
2026-03-01 09:45:15,Nandi,0.22735,35.12388,16.9,82,0
2026-03-01 09:45:15,Narok,-1.27988,35.47636,15.9,93,1.4
2026-03-01 09:45:15,Nyamira,-0.64938,34.9334,18.1,81,0
2026-03-01 09:45:15,Nyandarua,-0.38909,36.49743,15,85,0
2026-03-01 09:45:15,Nyeri,-0.31437,36.93047,13.3,80,0
2026-03-01 09:45:15,Samburu,1.54137,36.94154,22.8,71,0.1
2026-03-01 09:45:15,Siaya,-0.05767,34.19989,19.9,84,0
2026-03-01 09:45:15,Taita Taveta,-3.4052,38.37176,19.4,87,0
2026-03-01 09:45:15,Tana River,-1.53492,39.55029,27.3,74,0
2026-03-01 09:45:15,Tharaka-Nithi,-0.19145,37.96042,25.6,71,0
2026-03-01 09:45:15,Trans Nzoia,1.04592,34.98078,17.7,84,0
2026-03-01 09:45:15,Turkana,3.16249,35.31349,26.3,69,0
2026-03-01 09:45:15,Uasin Gishu,0.47819,35.3038,16.9,78,0
2026-03-01 09:45:15,Vihiga,0.08486,34.70778,18.3,86,0
2026-03-01 09:45:15,Wajir,1.93971,40.02451,27.1,68,0.1
2026-03-01 09:45:15,West Pokot,1.89337,35.21277,20.9,76,0
2026-03-01 09:45:15,Nakuru,-0.45845,36.10038,17.7,78,0
2026-03-01 10:34:26,Baringo,0.72635,36.01859,23.7,68,0
2026-03-01 10:34:26,Bomet,-0.71609,35.23846,17.3,86,0
2026-03-01 10:34:26,Bungoma,0.78569,34.71876,19.6,79,0
2026-03-01 10:34:26,Busia,0.37571,34.26511,21.1,74,0
2026-03-01 10:34:26,Elgeyo-Marakwet,0.7451,35.56086,17.5,82,0
2026-03-01 10:34:26,Embu,-0.53283,37.66463,22.1,77,0
2026-03-01 10:34:26,Garissa,-0.52049,40.35559,30.8,55,0
2026-03-01 10:34:26,Homa Bay,-0.5624,34.31453,19.6,85,0
2026-03-01 10:34:26,Isiolo,1.00639,38.74765,28,65,0
2026-03-01 10:34:26,Kajiado,-2.11237,36.77761,17.8,89,0.1
2026-03-01 10:34:26,Kakamega,0.49719,34.80093,19.9,77,0
2026-03-01 10:34:26,Kericho,-0.31668,35.226,20.9,78,0
2026-03-01 10:34:26,Kiambu,-1.03438,36.84322,15.5,84,0
2026-03-01 10:34:26,Kilifi,-3.15244,39.67271,30.9,58,0
2026-03-01 10:34:26,Kirinyaga,-0.46735,37.3019,19.4,77,0
2026-03-01 10:34:26,Kisii,-0.73668,34.75351,19.5,82,0
2026-03-01 10:34:26,Kisumu,-0.19438,34.77733,20,81,0
2026-03-01 10:34:26,Kitui,-1.56049,38.37181,25.6,74,0
2026-03-01 10:34:26,Kwale,-4.12059,39.06614,27.9,71,0.1
2026-03-01 10:34:26,Laikipia,0.28913,36.82525,19.1,72,0
2026-03-01 10:34:26,Lamu,-2.06368,40.54583,32.4,56,0
2026-03-01 10:34:26,Machakos,-1.27624,37.3946,20.6,85,0.1
2026-03-01 10:34:26,Makueni,-2.25364,37.87666,21.7,84,0
2026-03-01 10:34:26,Mandera,3.23096,40.71135,29.6,56,0
2026-03-01 10:34:26,Marsabit,2.86048,37.71488,28.7,58,0
2026-03-01 10:34:26,Meru,0.22905,37.77611,24.2,59,0
2026-03-01 10:34:26,Migori,-1.0187,34.30917,19.2,85,0.2
2026-03-01 10:34:26,Mombasa,-3.99045,39.70113,29.9,66,0.1
2026-03-01 10:34:26,Murang'a,-0.82852,37.00417,17.4,81,0
2026-03-01 10:34:26,Nairobi,-1.30049,36.82793,17.4,85,0.1
2026-03-01 10:34:26,Nandi,0.22735,35.12388,17.7,81,0
2026-03-01 10:34:26,Narok,-1.27988,35.47636,15.7,91,0.5
2026-03-01 10:34:26,Nyamira,-0.64938,34.9334,19.1,78,0
2026-03-01 10:34:26,Nyandarua,-0.38909,36.49743,16,79,0
2026-03-01 10:34:26,Nyeri,-0.31437,36.93047,13.8,82,0
2026-03-01 10:34:26,Samburu,1.54137,36.94154,24.1,65,0
2026-03-01 10:34:26,Siaya,-0.05767,34.19989,20.6,81,0
2026-03-01 10:34:26,Taita Taveta,-3.4052,38.37176,20.3,83,0.1
2026-03-01 10:34:26,Tana River,-1.53492,39.55029,28.4,67,0
2026-03-01 10:34:26,Tharaka-Nithi,-0.19145,37.96042,26.7,66,0
2026-03-01 10:34:26,Trans Nzoia,1.04592,34.98078,19.2,76,0
2026-03-01 10:34:26,Turkana,3.16249,35.31349,27,69,0.1
2026-03-01 10:34:26,Uasin Gishu,0.47819,35.3038,17.9,76,0
2026-03-01 10:34:26,Vihiga,0.08486,34.70778,19.2,82,0
2026-03-01 10:34:26,Wajir,1.93971,40.02451,28,66,0.1
2026-03-01 10:34:26,West Pokot,1.89337,35.21277,22.4,67,0
2026-03-01 10:34:26,Nakuru,-0.45845,36.10038,18.4,73,0
2026-03-01 11:31:03,Baringo,0.72635,36.01859,25.5,58,0
2026-03-01 11:31:03,Bomet,-0.71609,35.23846,18.4,81,0
2026-03-01 11:31:03,Bungoma,0.78569,34.71876,20.2,76,0
2026-03-01 11:31:03,Busia,0.37571,34.26511,22.3,70,0
2026-03-01 11:31:03,Elgeyo-Marakwet,0.7451,35.56086,18.4,76,0
2026-03-01 11:31:03,Embu,-0.53283,37.66463,22.9,74,0
2026-03-01 11:31:03,Garissa,-0.52049,40.35559,32.3,49,0
2026-03-01 11:31:03,Homa Bay,-0.5624,34.31453,21,82,0
2026-03-01 11:31:03,Isiolo,1.00639,38.74765,29.1,57,0
2026-03-01 11:31:03,Kajiado,-2.11237,36.77761,17.7,90,0.2
2026-03-01 11:31:03,Kakamega,0.49719,34.80093,20.6,75,0
2026-03-01 11:31:03,Kericho,-0.31668,35.226,21.9,76,0
2026-03-01 11:31:03,Kiambu,-1.03438,36.84322,15.6,87,0
2026-03-01 11:31:03,Kilifi,-3.15244,39.67271,32.3,52,0
2026-03-01 11:31:03,Kirinyaga,-0.46735,37.3019,20.1,76,0.1
2026-03-01 11:31:03,Kisii,-0.73668,34.75351,21.2,78,0
2026-03-01 11:31:03,Kisumu,-0.19438,34.77733,20.9,77,0
2026-03-01 11:31:03,Kitui,-1.56049,38.37181,27.1,68,0
2026-03-01 11:31:03,Kwale,-4.12059,39.06614,29.7,62,0.1
2026-03-01 11:31:03,Laikipia,0.28913,36.82525,20.1,66,0
2026-03-01 11:31:03,Lamu,-2.06368,40.54583,34.1,49,0
2026-03-01 11:31:03,Machakos,-1.27624,37.3946,21.7,80,0
2026-03-01 11:31:03,Makueni,-2.25364,37.87666,23,78,0
2026-03-01 11:31:03,Mandera,3.23096,40.71135,30.7,51,0
2026-03-01 11:31:03,Marsabit,2.86048,37.71488,29.3,57,0
2026-03-01 11:31:03,Meru,0.22905,37.77611,24.7,57,0
2026-03-01 11:31:03,Migori,-1.0187,34.30917,20.4,82,0
2026-03-01 11:31:03,Mombasa,-3.99045,39.70113,31.3,60,0.1
2026-03-01 11:31:03,Murang'a,-0.82852,37.00417,17.9,78,0
2026-03-01 11:31:03,Nairobi,-1.30049,36.82793,17.5,84,0.1
2026-03-01 11:31:03,Nandi,0.22735,35.12388,18.5,77,0
2026-03-01 11:31:03,Narok,-1.27988,35.47636,15.9,89,0.1
2026-03-01 11:31:03,Nyamira,-0.64938,34.9334,20.1,75,0
2026-03-01 11:31:03,Nyandarua,-0.38909,36.49743,17.5,69,0
2026-03-01 11:31:03,Nyeri,-0.31437,36.93047,14.4,82,0
2026-03-01 11:31:03,Samburu,1.54137,36.94154,25.6,61,0
2026-03-01 11:31:03,Siaya,-0.05767,34.19989,21.8,77,0
2026-03-01 11:31:03,Taita Taveta,-3.4052,38.37176,21.3,77,0
2026-03-01 11:31:03,Tana River,-1.53492,39.55029,29.8,59,0
2026-03-01 11:31:03,Tharaka-Nithi,-0.19145,37.96042,28.1,61,0.1
2026-03-01 11:31:03,Trans Nzoia,1.04592,34.98078,21,65,0
2026-03-01 11:31:03,Turkana,3.16249,35.31349,27.5,70,0.1
2026-03-01 11:31:03,Uasin Gishu,0.47819,35.3038,19.1,73,0
2026-03-01 11:31:03,Vihiga,0.08486,34.70778,20.2,77,0
2026-03-01 11:31:03,Wajir,1.93971,40.02451,29.3,62,0
2026-03-01 11:31:03,West Pokot,1.89337,35.21277,23.8,59,0
2026-03-01 11:31:03,Nakuru,-0.45845,36.10038,19.3,69,0
2026-03-01 12:30:33,Baringo,0.72635,36.01859,26.6,50,0
2026-03-01 12:30:33,Bomet,-0.71609,35.23846,19.3,77,0
2026-03-01 12:30:33,Bungoma,0.78569,34.71876,20.8,74,0
2026-03-01 12:30:33,Busia,0.37571,34.26511,23.3,67,0
2026-03-01 12:30:33,Elgeyo-Marakwet,0.7451,35.56086,19.5,67,0
2026-03-01 12:30:33,Embu,-0.53283,37.66463,22.5,76,0.1
2026-03-01 12:30:33,Garissa,-0.52049,40.35559,33.4,46,0
2026-03-01 12:30:33,Homa Bay,-0.5624,34.31453,21.6,80,0
2026-03-01 12:30:33,Isiolo,1.00639,38.74765,30.1,53,0
2026-03-01 12:30:33,Kajiado,-2.11237,36.77761,18,90,0.3
2026-03-01 12:30:33,Kakamega,0.49719,34.80093,21.2,73,0
2026-03-01 12:30:33,Kericho,-0.31668,35.226,22.8,74,0
2026-03-01 12:30:33,Kiambu,-1.03438,36.84322,15.6,90,0.1
2026-03-01 12:30:33,Kilifi,-3.15244,39.67271,33.5,48,0
2026-03-01 12:30:33,Kirinyaga,-0.46735,37.3019,20.6,75,0.1
2026-03-01 12:30:33,Kisii,-0.73668,34.75351,22.2,74,0
2026-03-01 12:30:33,Kisumu,-0.19438,34.77733,21.6,73,0
2026-03-01 12:30:33,Kitui,-1.56049,38.37181,28.2,64,0
2026-03-01 12:30:33,Kwale,-4.12059,39.06614,31.4,55,0
2026-03-01 12:30:33,Laikipia,0.28913,36.82525,21.1,62,0
2026-03-01 12:30:33,Lamu,-2.06368,40.54583,35,46,0
2026-03-01 12:30:33,Machakos,-1.27624,37.3946,22.7,74,0
2026-03-01 12:30:33,Makueni,-2.25364,37.87666,24.3,73,0
2026-03-01 12:30:33,Mandera,3.23096,40.71135,31.6,47,0
2026-03-01 12:30:33,Marsabit,2.86048,37.71488,29.6,57,0
2026-03-01 12:30:33,Meru,0.22905,37.77611,25.2,57,0
2026-03-01 12:30:33,Migori,-1.0187,34.30917,21.5,80,0
2026-03-01 12:30:33,Mombasa,-3.99045,39.70113,32.3,56,0
2026-03-01 12:30:33,Murang'a,-0.82852,37.00417,18.3,77,0
2026-03-01 12:30:33,Nairobi,-1.30049,36.82793,17.7,83,0.1
2026-03-01 12:30:33,Nandi,0.22735,35.12388,18.9,73,0
2026-03-01 12:30:33,Narok,-1.27988,35.47636,16.9,86,0.1
2026-03-01 12:30:33,Nyamira,-0.64938,34.9334,20.9,73,0
2026-03-01 12:30:33,Nyandarua,-0.38909,36.49743,18.5,63,0
2026-03-01 12:30:33,Nyeri,-0.31437,36.93047,15.3,76,0
2026-03-01 12:30:33,Samburu,1.54137,36.94154,26.6,58,0
2026-03-01 12:30:33,Siaya,-0.05767,34.19989,23,71,0
2026-03-01 12:30:33,Taita Taveta,-3.4052,38.37176,22,74,0
2026-03-01 12:30:33,Tana River,-1.53492,39.55029,30.8,55,0
2026-03-01 12:30:33,Tharaka-Nithi,-0.19145,37.96042,29.2,58,0
2026-03-01 12:30:33,Trans Nzoia,1.04592,34.98078,22,57,0
2026-03-01 12:30:33,Turkana,3.16249,35.31349,27.8,67,0.3
2026-03-01 12:30:33,Uasin Gishu,0.47819,35.3038,19.8,68,0
2026-03-01 12:30:33,Vihiga,0.08486,34.70778,20.8,73,0
2026-03-01 12:30:33,Wajir,1.93971,40.02451,30.2,59,0
2026-03-01 12:30:33,West Pokot,1.89337,35.21277,24.7,55,0
2026-03-01 12:30:33,Nakuru,-0.45845,36.10038,20.3,62,0
2026-03-01 13:25:09,Baringo,0.72635,36.01859,27.8,45,0
2026-03-01 13:25:09,Bomet,-0.71609,35.23846,18.7,79,0
2026-03-01 13:25:09,Bungoma,0.78569,34.71876,20.8,75,0
2026-03-01 13:25:09,Busia,0.37571,34.26511,22.9,70,0
2026-03-01 13:25:09,Elgeyo-Marakwet,0.7451,35.56086,20.9,60,0
2026-03-01 13:25:09,Embu,-0.53283,37.66463,22.6,74,0.2
2026-03-01 13:25:09,Garissa,-0.52049,40.35559,33.8,45,0
2026-03-01 13:25:09,Homa Bay,-0.5624,34.31453,21.9,78,0
2026-03-01 13:25:09,Isiolo,1.00639,38.74765,30.8,52,0
2026-03-01 13:25:09,Kajiado,-2.11237,36.77761,18.2,88,0.1
2026-03-01 13:25:09,Kakamega,0.49719,34.80093,21.1,74,0
2026-03-01 13:25:09,Kericho,-0.31668,35.226,22.8,75,0
2026-03-01 13:25:09,Kiambu,-1.03438,36.84322,16.2,88,0.1
2026-03-01 13:25:09,Kilifi,-3.15244,39.67271,34,47,0
2026-03-01 13:25:09,Kirinyaga,-0.46735,37.3019,20.8,75,0
2026-03-01 13:25:09,Kisii,-0.73668,34.75351,22,77,0
2026-03-01 13:25:09,Kisumu,-0.19438,34.77733,22.6,69,0
2026-03-01 13:25:09,Kitui,-1.56049,38.37181,28.8,62,0
2026-03-01 13:25:09,Kwale,-4.12059,39.06614,31.3,55,0
2026-03-01 13:25:09,Laikipia,0.28913,36.82525,21.7,54,0
2026-03-01 13:25:09,Lamu,-2.06368,40.54583,35,46,0
2026-03-01 13:25:09,Machakos,-1.27624,37.3946,23.4,68,0
2026-03-01 13:25:09,Makueni,-2.25364,37.87666,25.7,67,0
2026-03-01 13:25:09,Mandera,3.23096,40.71135,32.9,43,0
2026-03-01 13:25:09,Marsabit,2.86048,37.71488,30.6,54,0
2026-03-01 13:25:09,Meru,0.22905,37.77611,25.8,56,0
2026-03-01 13:25:09,Migori,-1.0187,34.30917,21.7,81,0
2026-03-01 13:25:09,Mombasa,-3.99045,39.70113,31.1,63,0.1
2026-03-01 13:25:09,Murang'a,-0.82852,37.00417,18.7,75,0
2026-03-01 13:25:09,Nairobi,-1.30049,36.82793,19,76,0
2026-03-01 13:25:09,Nandi,0.22735,35.12388,18,78,0
2026-03-01 13:25:09,Narok,-1.27988,35.47636,17.6,83,0
2026-03-01 13:25:09,Nyamira,-0.64938,34.9334,20.2,76,0
2026-03-01 13:25:09,Nyandarua,-0.38909,36.49743,18.4,62,0
2026-03-01 13:25:09,Nyeri,-0.31437,36.93047,15.2,69,0
2026-03-01 13:25:09,Samburu,1.54137,36.94154,27.3,54,0
2026-03-01 13:25:09,Siaya,-0.05767,34.19989,23.1,70,0
2026-03-01 13:25:09,Taita Taveta,-3.4052,38.37176,21,80,0.8
2026-03-01 13:25:09,Tana River,-1.53492,39.55029,31.2,55,0
2026-03-01 13:25:09,Tharaka-Nithi,-0.19145,37.96042,29.8,56,0
2026-03-01 13:25:09,Trans Nzoia,1.04592,34.98078,22.2,55,0
2026-03-01 13:25:09,Turkana,3.16249,35.31349,29.8,57,0
2026-03-01 13:25:09,Uasin Gishu,0.47819,35.3038,19.3,71,0
2026-03-01 13:25:09,Vihiga,0.08486,34.70778,21.1,71,0
2026-03-01 13:25:09,Wajir,1.93971,40.02451,31,57,0
2026-03-01 13:25:09,West Pokot,1.89337,35.21277,25.5,52,0
2026-03-01 13:25:09,Nakuru,-0.45845,36.10038,20.8,59,0
2026-03-01 14:22:27,Baringo,0.72635,36.01859,27.4,44,0
2026-03-01 14:22:27,Bomet,-0.71609,35.23846,18.2,82,0
2026-03-01 14:22:27,Bungoma,0.78569,34.71876,20.7,72,0
2026-03-01 14:22:27,Busia,0.37571,34.26511,23.2,68,0
2026-03-01 14:22:27,Elgeyo-Marakwet,0.7451,35.56086,21.2,57,0
2026-03-01 14:22:27,Embu,-0.53283,37.66463,23.2,72,0.3
2026-03-01 14:22:27,Garissa,-0.52049,40.35559,34.6,43,0
2026-03-01 14:22:27,Homa Bay,-0.5624,34.31453,22.3,76,0
2026-03-01 14:22:27,Isiolo,1.00639,38.74765,31.6,51,0
2026-03-01 14:22:27,Kajiado,-2.11237,36.77761,18.3,87,0.1
2026-03-01 14:22:27,Kakamega,0.49719,34.80093,21.4,72,0
2026-03-01 14:22:27,Kericho,-0.31668,35.226,22.9,73,0
2026-03-01 14:22:27,Kiambu,-1.03438,36.84322,16.9,84,0.1
2026-03-01 14:22:27,Kilifi,-3.15244,39.67271,33.9,49,0
2026-03-01 14:22:27,Kirinyaga,-0.46735,37.3019,21,72,0.2
2026-03-01 14:22:27,Kisii,-0.73668,34.75351,22.2,73,0
2026-03-01 14:22:27,Kisumu,-0.19438,34.77733,23.4,66,0
2026-03-01 14:22:27,Kitui,-1.56049,38.37181,29.4,60,0
2026-03-01 14:22:27,Kwale,-4.12059,39.06614,31.3,54,0
2026-03-01 14:22:27,Laikipia,0.28913,36.82525,21.1,63,0
2026-03-01 14:22:27,Lamu,-2.06368,40.54583,33.4,53,0.1
2026-03-01 14:22:27,Machakos,-1.27624,37.3946,24.3,64,0
2026-03-01 14:22:27,Makueni,-2.25364,37.87666,26.6,61,0
2026-03-01 14:22:27,Mandera,3.23096,40.71135,33,43,0
2026-03-01 14:22:27,Marsabit,2.86048,37.71488,30.7,54,0
2026-03-01 14:22:27,Meru,0.22905,37.77611,26.2,56,0
2026-03-01 14:22:27,Migori,-1.0187,34.30917,22.5,75,0
2026-03-01 14:22:27,Mombasa,-3.99045,39.70113,30.4,67,0.6
2026-03-01 14:22:27,Murang'a,-0.82852,37.00417,19.3,70,0
2026-03-01 14:22:27,Nairobi,-1.30049,36.82793,20.1,68,0
2026-03-01 14:22:27,Nandi,0.22735,35.12388,18.6,77,0
2026-03-01 14:22:27,Narok,-1.27988,35.47636,18.1,82,0
2026-03-01 14:22:27,Nyamira,-0.64938,34.9334,20.5,73,0
2026-03-01 14:22:27,Nyandarua,-0.38909,36.49743,17.5,71,0.1
2026-03-01 14:22:27,Nyeri,-0.31437,36.93047,15.1,70,0
2026-03-01 14:22:27,Samburu,1.54137,36.94154,27.9,50,0
2026-03-01 14:22:27,Siaya,-0.05767,34.19989,23.6,67,0
2026-03-01 14:22:27,Taita Taveta,-3.4052,38.37176,20.8,81,1.6
2026-03-01 14:22:27,Tana River,-1.53492,39.55029,31.9,52,0
2026-03-01 14:22:27,Tharaka-Nithi,-0.19145,37.96042,30.2,55,0
2026-03-01 14:22:27,Trans Nzoia,1.04592,34.98078,22.4,53,0
2026-03-01 14:22:27,Turkana,3.16249,35.31349,30.1,55,0
2026-03-01 14:22:27,Uasin Gishu,0.47819,35.3038,19.4,70,0
2026-03-01 14:22:27,Vihiga,0.08486,34.70778,21.9,70,0
2026-03-01 14:22:27,Wajir,1.93971,40.02451,31.1,57,0
2026-03-01 14:22:27,West Pokot,1.89337,35.21277,25.8,52,0
2026-03-01 14:22:27,Nakuru,-0.45845,36.10038,21.7,54,0
2026-03-01 15:45:04,Baringo,0.72635,36.01859,26.8,49,0
2026-03-01 15:45:04,Bomet,-0.71609,35.23846,17.9,84,0
2026-03-01 15:45:04,Bungoma,0.78569,34.71876,20.6,69,0
2026-03-01 15:45:04,Busia,0.37571,34.26511,23.4,65,0
2026-03-01 15:45:04,Elgeyo-Marakwet,0.7451,35.56086,21,55,0
2026-03-01 15:45:04,Embu,-0.53283,37.66463,22.9,71,0
2026-03-01 15:45:04,Garissa,-0.52049,40.35559,34.1,43,0
2026-03-01 15:45:04,Homa Bay,-0.5624,34.31453,22.2,76,0
2026-03-01 15:45:04,Isiolo,1.00639,38.74765,32.1,50,0
2026-03-01 15:45:04,Kajiado,-2.11237,36.77761,18.3,87,0.1
2026-03-01 15:45:04,Kakamega,0.49719,34.80093,21.9,68,0
2026-03-01 15:45:04,Kericho,-0.31668,35.226,23.4,70,0
2026-03-01 15:45:04,Kiambu,-1.03438,36.84322,17.4,80,0.1
2026-03-01 15:45:04,Kilifi,-3.15244,39.67271,32,61,0.1
2026-03-01 15:45:04,Kirinyaga,-0.46735,37.3019,20,78,1
2026-03-01 15:45:04,Kisii,-0.73668,34.75351,21.9,74,0
2026-03-01 15:45:04,Kisumu,-0.19438,34.77733,24,63,0
2026-03-01 15:45:04,Kitui,-1.56049,38.37181,29.7,58,0
2026-03-01 15:45:04,Kwale,-4.12059,39.06614,29,66,0
2026-03-01 15:45:04,Laikipia,0.28913,36.82525,21.7,58,0.1
2026-03-01 15:45:04,Lamu,-2.06368,40.54583,33,57,0.3
2026-03-01 15:45:04,Machakos,-1.27624,37.3946,24,64,0
2026-03-01 15:45:04,Makueni,-2.25364,37.87666,26.7,61,0
2026-03-01 15:45:04,Mandera,3.23096,40.71135,33.2,40,0
2026-03-01 15:45:04,Marsabit,2.86048,37.71488,31.3,53,0
2026-03-01 15:45:04,Meru,0.22905,37.77611,23.5,70,0.5
2026-03-01 15:45:04,Migori,-1.0187,34.30917,22.7,76,0
2026-03-01 15:45:04,Mombasa,-3.99045,39.70113,30.4,67,0.1
2026-03-01 15:45:04,Murang'a,-0.82852,37.00417,19.5,70,0.1
2026-03-01 15:45:04,Nairobi,-1.30049,36.82793,20.9,61,0
2026-03-01 15:45:04,Nandi,0.22735,35.12388,18.7,75,0
2026-03-01 15:45:04,Narok,-1.27988,35.47636,18.6,80,0
2026-03-01 15:45:04,Nyamira,-0.64938,34.9334,20.3,72,0
2026-03-01 15:45:04,Nyandarua,-0.38909,36.49743,17.3,72,0.1
2026-03-01 15:45:04,Nyeri,-0.31437,36.93047,14.1,82,0
2026-03-01 15:45:04,Samburu,1.54137,36.94154,28,48,0
2026-03-01 15:45:04,Siaya,-0.05767,34.19989,23.8,64,0
2026-03-01 15:45:04,Taita Taveta,-3.4052,38.37176,20.6,83,1
2026-03-01 15:45:04,Tana River,-1.53492,39.55029,32.4,48,0
2026-03-01 15:45:04,Tharaka-Nithi,-0.19145,37.96042,29.8,56,0
2026-03-01 15:45:04,Trans Nzoia,1.04592,34.98078,22.7,53,0
2026-03-01 15:45:04,Turkana,3.16249,35.31349,30.4,51,0
2026-03-01 15:45:04,Uasin Gishu,0.47819,35.3038,19.1,73,0
2026-03-01 15:45:04,Vihiga,0.08486,34.70778,22.5,63,0
2026-03-01 15:45:04,Wajir,1.93971,40.02451,32.1,52,0
2026-03-01 15:45:04,West Pokot,1.89337,35.21277,25.3,55,0
2026-03-01 15:45:04,Nakuru,-0.45845,36.10038,21.2,53,0
2026-03-01 16:40:43,Baringo,0.72635,36.01859,26.8,49,0
2026-03-01 16:40:43,Bomet,-0.71609,35.23846,17.8,84,0.1
2026-03-01 16:40:43,Bungoma,0.78569,34.71876,20.5,67,0
2026-03-01 16:40:43,Busia,0.37571,34.26511,23.3,65,0
2026-03-01 16:40:43,Elgeyo-Marakwet,0.7451,35.56086,20.8,55,0
2026-03-01 16:40:43,Embu,-0.53283,37.66463,22.6,72,0.1
2026-03-01 16:40:43,Garissa,-0.52049,40.35559,33.9,44,0
2026-03-01 16:40:43,Homa Bay,-0.5624,34.31453,22,76,0
2026-03-01 16:40:43,Isiolo,1.00639,38.74765,32,50,0
2026-03-01 16:40:43,Kajiado,-2.11237,36.77761,18.6,86,0
2026-03-01 16:40:43,Kakamega,0.49719,34.80093,22,66,0
2026-03-01 16:40:43,Kericho,-0.31668,35.226,22.9,70,0.1
2026-03-01 16:40:43,Kiambu,-1.03438,36.84322,17,81,0.1
2026-03-01 16:40:43,Kilifi,-3.15244,39.67271,31.5,62,0.1
2026-03-01 16:40:43,Kirinyaga,-0.46735,37.3019,19.9,79,0.9
2026-03-01 16:40:43,Kisii,-0.73668,34.75351,21.8,74,0
2026-03-01 16:40:43,Kisumu,-0.19438,34.77733,24.2,63,0
2026-03-01 16:40:43,Kitui,-1.56049,38.37181,29.7,57,0
2026-03-01 16:40:43,Kwale,-4.12059,39.06614,28.8,70,0.3
2026-03-01 16:40:43,Laikipia,0.28913,36.82525,21.6,57,0
2026-03-01 16:40:43,Lamu,-2.06368,40.54583,32.8,57,0
2026-03-01 16:40:43,Machakos,-1.27624,37.3946,23.2,69,0
2026-03-01 16:40:43,Makueni,-2.25364,37.87666,26.4,62,0
2026-03-01 16:40:43,Mandera,3.23096,40.71135,33.1,40,0
2026-03-01 16:40:43,Marsabit,2.86048,37.71488,31.3,54,0
2026-03-01 16:40:43,Meru,0.22905,37.77611,22.9,72,1.8
2026-03-01 16:40:43,Migori,-1.0187,34.30917,22.6,76,0
2026-03-01 16:40:43,Mombasa,-3.99045,39.70113,30.1,68,0.2
2026-03-01 16:40:43,Murang'a,-0.82852,37.00417,19,72,0.1
2026-03-01 16:40:43,Nairobi,-1.30049,36.82793,20.8,61,0
2026-03-01 16:40:43,Nandi,0.22735,35.12388,18.2,78,0
2026-03-01 16:40:43,Narok,-1.27988,35.47636,18.4,82,0
2026-03-01 16:40:43,Nyamira,-0.64938,34.9334,20.1,72,0
2026-03-01 16:40:43,Nyandarua,-0.38909,36.49743,17.2,73,0.1
2026-03-01 16:40:43,Nyeri,-0.31437,36.93047,13.7,89,0.1
2026-03-01 16:40:43,Samburu,1.54137,36.94154,27.3,51,0
2026-03-01 16:40:43,Siaya,-0.05767,34.19989,23.8,65,0
2026-03-01 16:40:43,Taita Taveta,-3.4052,38.37176,20.6,83,0.8
2026-03-01 16:40:43,Tana River,-1.53492,39.55029,32.2,48,0
2026-03-01 16:40:43,Tharaka-Nithi,-0.19145,37.96042,29.2,58,0.1
2026-03-01 16:40:43,Trans Nzoia,1.04592,34.98078,21.9,58,0
2026-03-01 16:40:43,Turkana,3.16249,35.31349,30.4,49,0
2026-03-01 16:40:43,Uasin Gishu,0.47819,35.3038,18.7,76,0.1
2026-03-01 16:40:43,Vihiga,0.08486,34.70778,22.4,63,0
2026-03-01 16:40:43,Wajir,1.93971,40.02451,32.4,50,0
2026-03-01 16:40:43,West Pokot,1.89337,35.21277,25.1,55,0
2026-03-01 16:40:43,Nakuru,-0.45845,36.10038,20.5,56,0
2026-03-01 17:25:09,Baringo,0.72635,36.01859,26.6,48,0
2026-03-01 17:25:09,Bomet,-0.71609,35.23846,17.7,84,0.1
2026-03-01 17:25:09,Bungoma,0.78569,34.71876,20.4,67,0
2026-03-01 17:25:09,Busia,0.37571,34.26511,23.2,66,0
2026-03-01 17:25:09,Elgeyo-Marakwet,0.7451,35.56086,20.4,56,0
2026-03-01 17:25:09,Embu,-0.53283,37.66463,22.4,75,0.1
2026-03-01 17:25:09,Garissa,-0.52049,40.35559,33.1,47,0
2026-03-01 17:25:09,Homa Bay,-0.5624,34.31453,21.7,76,0
2026-03-01 17:25:09,Isiolo,1.00639,38.74765,31.8,50,0
2026-03-01 17:25:09,Kajiado,-2.11237,36.77761,18.9,84,0
2026-03-01 17:25:09,Kakamega,0.49719,34.80093,21.8,66,0
2026-03-01 17:25:09,Kericho,-0.31668,35.226,22.1,70,0.1
2026-03-01 17:25:09,Kiambu,-1.03438,36.84322,16.6,82,0.2
2026-03-01 17:25:09,Kilifi,-3.15244,39.67271,30.8,62,0.2
2026-03-01 17:25:09,Kirinyaga,-0.46735,37.3019,19.7,80,0.3
2026-03-01 17:25:09,Kisii,-0.73668,34.75351,21.6,74,0
2026-03-01 17:25:09,Kisumu,-0.19438,34.77733,24.3,64,0
2026-03-01 17:25:09,Kitui,-1.56049,38.37181,29.5,56,0
2026-03-01 17:25:09,Kwale,-4.12059,39.06614,29,70,0
2026-03-01 17:25:09,Laikipia,0.28913,36.82525,21,60,0
2026-03-01 17:25:09,Lamu,-2.06368,40.54583,32.1,58,0.1
2026-03-01 17:25:09,Machakos,-1.27624,37.3946,22.2,77,0.5
2026-03-01 17:25:09,Makueni,-2.25364,37.87666,26,64,0
2026-03-01 17:25:09,Mandera,3.23096,40.71135,32.7,40,0
2026-03-01 17:25:09,Marsabit,2.86048,37.71488,31.2,54,0
2026-03-01 17:25:09,Meru,0.22905,37.77611,22.5,73,0.6
2026-03-01 17:25:09,Migori,-1.0187,34.30917,22.3,75,0
2026-03-01 17:25:09,Mombasa,-3.99045,39.70113,29.7,69,0.1
2026-03-01 17:25:09,Murang'a,-0.82852,37.00417,18.3,75,0.1
2026-03-01 17:25:09,Nairobi,-1.30049,36.82793,20.3,64,0
2026-03-01 17:25:09,Nandi,0.22735,35.12388,17.7,81,0.2
2026-03-01 17:25:09,Narok,-1.27988,35.47636,18.1,84,0.1
2026-03-01 17:25:09,Nyamira,-0.64938,34.9334,19.8,74,0
2026-03-01 17:25:09,Nyandarua,-0.38909,36.49743,16.9,76,0.1
2026-03-01 17:25:09,Nyeri,-0.31437,36.93047,13.6,92,0.4
2026-03-01 17:25:09,Samburu,1.54137,36.94154,26.4,54,0
2026-03-01 17:25:09,Siaya,-0.05767,34.19989,23.6,67,0
2026-03-01 17:25:09,Taita Taveta,-3.4052,38.37176,20.4,83,0.2
2026-03-01 17:25:09,Tana River,-1.53492,39.55029,31.8,49,0
2026-03-01 17:25:09,Tharaka-Nithi,-0.19145,37.96042,28.6,59,0.1
2026-03-01 17:25:09,Trans Nzoia,1.04592,34.98078,20.8,65,0.1
2026-03-01 17:25:09,Turkana,3.16249,35.31349,30.3,48,0
2026-03-01 17:25:09,Uasin Gishu,0.47819,35.3038,18.3,77,0.1
2026-03-01 17:25:09,Vihiga,0.08486,34.70778,22,64,0
2026-03-01 17:25:09,Wajir,1.93971,40.02451,32.4,50,0
2026-03-01 17:25:09,West Pokot,1.89337,35.21277,24.8,55,0
2026-03-01 17:25:09,Nakuru,-0.45845,36.10038,19.7,62,0
2026-03-01 18:24:02,Baringo,0.72635,36.01859,25.2,55,0
2026-03-01 18:24:02,Bomet,-0.71609,35.23846,17.4,86,0
2026-03-01 18:24:02,Bungoma,0.78569,34.71876,20,70,0
2026-03-01 18:24:02,Busia,0.37571,34.26511,22.4,70,0
2026-03-01 18:24:02,Elgeyo-Marakwet,0.7451,35.56086,19,66,0
2026-03-01 18:24:02,Embu,-0.53283,37.66463,20.9,86,0.6
2026-03-01 18:24:02,Garissa,-0.52049,40.35559,29.5,62,0.1
2026-03-01 18:24:02,Homa Bay,-0.5624,34.31453,21.3,78,0
2026-03-01 18:24:02,Isiolo,1.00639,38.74765,31.2,50,0
2026-03-01 18:24:02,Kajiado,-2.11237,36.77761,18.6,84,0
2026-03-01 18:24:02,Kakamega,0.49719,34.80093,21,70,0
2026-03-01 18:24:02,Kericho,-0.31668,35.226,21.6,71,0
2026-03-01 18:24:02,Kiambu,-1.03438,36.84322,15.9,84,0.2
2026-03-01 18:24:02,Kilifi,-3.15244,39.67271,30.2,63,0
2026-03-01 18:24:02,Kirinyaga,-0.46735,37.3019,18.6,84,0.7
2026-03-01 18:24:02,Kisii,-0.73668,34.75351,20.9,77,0
2026-03-01 18:24:02,Kisumu,-0.19438,34.77733,24.2,66,0
2026-03-01 18:24:02,Kitui,-1.56049,38.37181,28.6,59,0
2026-03-01 18:24:02,Kwale,-4.12059,39.06614,27.3,76,0.5
2026-03-01 18:24:02,Laikipia,0.28913,36.82525,19,74,0
2026-03-01 18:24:02,Lamu,-2.06368,40.54583,31.5,58,0
2026-03-01 18:24:02,Machakos,-1.27624,37.3946,20,92,2.6
2026-03-01 18:24:02,Makueni,-2.25364,37.87666,25,69,0.1
2026-03-01 18:24:02,Mandera,3.23096,40.71135,32,41,0
2026-03-01 18:24:02,Marsabit,2.86048,37.71488,31.2,53,0
2026-03-01 18:24:02,Meru,0.22905,37.77611,21.6,73,0.1
2026-03-01 18:24:02,Migori,-1.0187,34.30917,21.8,76,0
2026-03-01 18:24:02,Mombasa,-3.99045,39.70113,28.6,72,0
2026-03-01 18:24:02,Murang'a,-0.82852,37.00417,17.3,80,0.2
2026-03-01 18:24:02,Nairobi,-1.30049,36.82793,19.3,71,0.1
2026-03-01 18:24:02,Nandi,0.22735,35.12388,17.1,82,0.3
2026-03-01 18:24:02,Narok,-1.27988,35.47636,17.5,87,0.1
2026-03-01 18:24:02,Nyamira,-0.64938,34.9334,19.3,77,0
2026-03-01 18:24:02,Nyandarua,-0.38909,36.49743,16.2,83,0.2
2026-03-01 18:24:02,Nyeri,-0.31437,36.93047,13,93,0.5
2026-03-01 18:24:02,Samburu,1.54137,36.94154,25.5,59,0
2026-03-01 18:24:02,Siaya,-0.05767,34.19989,23.2,70,0
2026-03-01 18:24:02,Taita Taveta,-3.4052,38.37176,19.7,83,0.1
2026-03-01 18:24:02,Tana River,-1.53492,39.55029,31.2,53,0
2026-03-01 18:24:02,Tharaka-Nithi,-0.19145,37.96042,27.5,65,0.2
2026-03-01 18:24:02,Trans Nzoia,1.04592,34.98078,19.6,76,0.2
2026-03-01 18:24:02,Turkana,3.16249,35.31349,29.8,49,0
2026-03-01 18:24:02,Uasin Gishu,0.47819,35.3038,17.5,78,0.3
2026-03-01 18:24:02,Vihiga,0.08486,34.70778,21.3,68,0
2026-03-01 18:24:02,Wajir,1.93971,40.02451,32,49,0
2026-03-01 18:24:02,West Pokot,1.89337,35.21277,24,57,0
2026-03-01 18:24:02,Nakuru,-0.45845,36.10038,18.4,75,0.1
2026-03-01 19:27:13,Baringo,0.72635,36.01859,23.2,67,0
2026-03-01 19:27:13,Bomet,-0.71609,35.23846,17.3,88,0.2
2026-03-01 19:27:13,Bungoma,0.78569,34.71876,18.9,76,0
2026-03-01 19:27:13,Busia,0.37571,34.26511,21.5,76,0
2026-03-01 19:27:13,Elgeyo-Marakwet,0.7451,35.56086,18.1,73,0
2026-03-01 19:27:13,Embu,-0.53283,37.66463,20.7,84,0.2
2026-03-01 19:27:13,Garissa,-0.52049,40.35559,30.4,57,0
2026-03-01 19:27:13,Homa Bay,-0.5624,34.31453,21.1,78,0
2026-03-01 19:27:13,Isiolo,1.00639,38.74765,31.3,48,0
2026-03-01 19:27:13,Kajiado,-2.11237,36.77761,18.5,92,0.3
2026-03-01 19:27:13,Kakamega,0.49719,34.80093,20.2,77,0
2026-03-01 19:27:13,Kericho,-0.31668,35.226,21.1,77,0
2026-03-01 19:27:13,Kiambu,-1.03438,36.84322,15.9,85,0.5
2026-03-01 19:27:13,Kilifi,-3.15244,39.67271,28.7,64,0
2026-03-01 19:27:13,Kirinyaga,-0.46735,37.3019,18,89,0.5
2026-03-01 19:27:13,Kisii,-0.73668,34.75351,20.3,81,0
2026-03-01 19:27:13,Kisumu,-0.19438,34.77733,24,66,0
2026-03-01 19:27:13,Kitui,-1.56049,38.37181,29.3,54,0
2026-03-01 19:27:13,Kwale,-4.12059,39.06614,26.6,78,0.3
2026-03-01 19:27:13,Laikipia,0.28913,36.82525,18.3,83,1
2026-03-01 19:27:13,Lamu,-2.06368,40.54583,30.2,62,0
2026-03-01 19:27:13,Machakos,-1.27624,37.3946,20.6,85,0.4
2026-03-01 19:27:13,Makueni,-2.25364,37.87666,24.5,70,0
2026-03-01 19:27:13,Mandera,3.23096,40.71135,30.7,44,0
2026-03-01 19:27:13,Marsabit,2.86048,37.71488,31.3,54,0
2026-03-01 19:27:13,Meru,0.22905,37.77611,21.7,74,0.1
2026-03-01 19:27:13,Migori,-1.0187,34.30917,21.8,79,0
2026-03-01 19:27:13,Mombasa,-3.99045,39.70113,27.8,74,0
2026-03-01 19:27:13,Murang'a,-0.82852,37.00417,17.1,81,0.3
2026-03-01 19:27:13,Nairobi,-1.30049,36.82793,19.8,74,0.2
2026-03-01 19:27:13,Nandi,0.22735,35.12388,16.8,81,0.1
2026-03-01 19:27:13,Narok,-1.27988,35.47636,17.3,88,0
2026-03-01 19:27:13,Nyamira,-0.64938,34.9334,18.7,82,0
2026-03-01 19:27:13,Nyandarua,-0.38909,36.49743,15.8,87,0.6
2026-03-01 19:27:13,Nyeri,-0.31437,36.93047,12.6,93,0.2
2026-03-01 19:27:13,Samburu,1.54137,36.94154,24.8,62,0.1
2026-03-01 19:27:13,Siaya,-0.05767,34.19989,22.7,74,0
2026-03-01 19:27:13,Taita Taveta,-3.4052,38.37176,18.8,93,0.7
2026-03-01 19:27:13,Tana River,-1.53492,39.55029,29.8,62,0
2026-03-01 19:27:13,Tharaka-Nithi,-0.19145,37.96042,26.6,68,0.2
2026-03-01 19:27:13,Trans Nzoia,1.04592,34.98078,19.2,73,0
2026-03-01 19:27:13,Turkana,3.16249,35.31349,30.4,46,0
2026-03-01 19:27:13,Uasin Gishu,0.47819,35.3038,16.9,81,0.1
2026-03-01 19:27:13,Vihiga,0.08486,34.70778,20.4,73,0
2026-03-01 19:27:13,Wajir,1.93971,40.02451,31.5,51,0
2026-03-01 19:27:13,West Pokot,1.89337,35.21277,22.4,62,0.1
2026-03-01 19:27:13,Nakuru,-0.45845,36.10038,18,80,0.1
2026-03-01 20:23:56,Baringo,0.72635,36.01859,21.8,80,0.3
2026-03-01 20:23:56,Bomet,-0.71609,35.23846,16.8,91,0
2026-03-01 20:23:56,Bungoma,0.78569,34.71876,17.8,84,0
2026-03-01 20:23:56,Busia,0.37571,34.26511,20.5,83,0
2026-03-01 20:23:56,Elgeyo-Marakwet,0.7451,35.56086,16.9,80,0.1
2026-03-01 20:23:56,Embu,-0.53283,37.66463,20,87,0.1
2026-03-01 20:23:56,Garissa,-0.52049,40.35559,29.4,64,0
2026-03-01 20:23:56,Homa Bay,-0.5624,34.31453,20.6,82,0
2026-03-01 20:23:56,Isiolo,1.00639,38.74765,30.5,51,0
2026-03-01 20:23:56,Kajiado,-2.11237,36.77761,18,93,0.2
2026-03-01 20:23:56,Kakamega,0.49719,34.80093,19.6,80,0
2026-03-01 20:23:56,Kericho,-0.31668,35.226,20.7,79,0
2026-03-01 20:23:56,Kiambu,-1.03438,36.84322,15.1,94,1
2026-03-01 20:23:56,Kilifi,-3.15244,39.67271,27.5,75,0
2026-03-01 20:23:56,Kirinyaga,-0.46735,37.3019,17.4,89,0.1
2026-03-01 20:23:56,Kisii,-0.73668,34.75351,19.7,85,0
2026-03-01 20:23:56,Kisumu,-0.19438,34.77733,23.2,73,0
2026-03-01 20:23:56,Kitui,-1.56049,38.37181,28.7,55,0
2026-03-01 20:23:56,Kwale,-4.12059,39.06614,26,81,0.4
2026-03-01 20:23:56,Laikipia,0.28913,36.82525,17.8,87,0.6
2026-03-01 20:23:56,Lamu,-2.06368,40.54583,28.8,72,0
2026-03-01 20:23:56,Machakos,-1.27624,37.3946,19.8,86,0.3
2026-03-01 20:23:56,Makueni,-2.25364,37.87666,23.2,76,0
2026-03-01 20:23:56,Mandera,3.23096,40.71135,29.8,47,0
2026-03-01 20:23:56,Marsabit,2.86048,37.71488,31,56,0
2026-03-01 20:23:56,Meru,0.22905,37.77611,20.8,77,0
2026-03-01 20:23:56,Migori,-1.0187,34.30917,21.2,84,0
2026-03-01 20:23:56,Mombasa,-3.99045,39.70113,27.5,77,0
2026-03-01 20:23:56,Murang'a,-0.82852,37.00417,16.1,89,0.6
2026-03-01 20:23:56,Nairobi,-1.30049,36.82793,19,82,0.9
2026-03-01 20:23:56,Nandi,0.22735,35.12388,16.3,83,0
2026-03-01 20:23:56,Narok,-1.27988,35.47636,17,91,0
2026-03-01 20:23:56,Nyamira,-0.64938,34.9334,18.1,85,0
2026-03-01 20:23:56,Nyandarua,-0.38909,36.49743,15.2,90,0.6
2026-03-01 20:23:56,Nyeri,-0.31437,36.93047,12.2,95,0.1
2026-03-01 20:23:56,Samburu,1.54137,36.94154,23.6,70,0.1
2026-03-01 20:23:56,Siaya,-0.05767,34.19989,22.1,78,0
2026-03-01 20:23:56,Taita Taveta,-3.4052,38.37176,18.5,94,0.4
2026-03-01 20:23:56,Tana River,-1.53492,39.55029,28.9,70,0
2026-03-01 20:23:56,Tharaka-Nithi,-0.19145,37.96042,25.3,75,0.4
2026-03-01 20:23:56,Trans Nzoia,1.04592,34.98078,17.9,84,0
2026-03-01 20:23:56,Turkana,3.16249,35.31349,29.6,51,0
2026-03-01 20:23:56,Uasin Gishu,0.47819,35.3038,16.5,84,0
2026-03-01 20:23:56,Vihiga,0.08486,34.70778,19.4,80,0
2026-03-01 20:23:56,Wajir,1.93971,40.02451,30.7,54,0
2026-03-01 20:23:56,West Pokot,1.89337,35.21277,20.5,75,0.3
2026-03-01 20:23:56,Nakuru,-0.45845,36.10038,17.5,83,0.2
2026-03-01 21:33:01,Baringo,0.72635,36.01859,20.6,90,1.2
2026-03-01 21:33:01,Bomet,-0.71609,35.23846,16.4,93,0
2026-03-01 21:33:01,Bungoma,0.78569,34.71876,17,88,0
2026-03-01 21:33:01,Busia,0.37571,34.26511,19.9,87,0
2026-03-01 21:33:01,Elgeyo-Marakwet,0.7451,35.56086,16.6,81,0.2
2026-03-01 21:33:01,Embu,-0.53283,37.66463,19.4,91,0.1
2026-03-01 21:33:01,Garissa,-0.52049,40.35559,28.6,68,0
2026-03-01 21:33:01,Homa Bay,-0.5624,34.31453,20.2,85,0
2026-03-01 21:33:01,Isiolo,1.00639,38.74765,29.6,54,0
2026-03-01 21:33:01,Kajiado,-2.11237,36.77761,17.6,94,0.1
2026-03-01 21:33:01,Kakamega,0.49719,34.80093,18.5,88,0.1
2026-03-01 21:33:01,Kericho,-0.31668,35.226,19.3,89,0
2026-03-01 21:33:01,Kiambu,-1.03438,36.84322,14.7,97,1.2
2026-03-01 21:33:01,Kilifi,-3.15244,39.67271,26.4,84,0
2026-03-01 21:33:01,Kirinyaga,-0.46735,37.3019,16.7,94,0.1
2026-03-01 21:33:01,Kisii,-0.73668,34.75351,18.9,89,0
2026-03-01 21:33:01,Kisumu,-0.19438,34.77733,22.6,79,0.1
2026-03-01 21:33:01,Kitui,-1.56049,38.37181,27.7,58,0
2026-03-01 21:33:01,Kwale,-4.12059,39.06614,25.2,85,0.3
2026-03-01 21:33:01,Laikipia,0.28913,36.82525,17.2,90,0.9
2026-03-01 21:33:01,Lamu,-2.06368,40.54583,27.6,80,0
2026-03-01 21:33:01,Machakos,-1.27624,37.3946,19.5,87,0.4
2026-03-01 21:33:01,Makueni,-2.25364,37.87666,22.5,80,0.3
2026-03-01 21:33:01,Mandera,3.23096,40.71135,28.6,52,0
2026-03-01 21:33:01,Marsabit,2.86048,37.71488,30.1,61,0
2026-03-01 21:33:01,Meru,0.22905,37.77611,19.7,83,0
2026-03-01 21:33:01,Migori,-1.0187,34.30917,20.7,85,0
2026-03-01 21:33:01,Mombasa,-3.99045,39.70113,27.2,79,0
2026-03-01 21:33:01,Murang'a,-0.82852,37.00417,15.8,94,0.6
2026-03-01 21:33:01,Nairobi,-1.30049,36.82793,17.9,88,1.2
2026-03-01 21:33:01,Nandi,0.22735,35.12388,15.7,88,0
2026-03-01 21:33:01,Narok,-1.27988,35.47636,16.5,94,0
2026-03-01 21:33:01,Nyamira,-0.64938,34.9334,17.3,88,0
2026-03-01 21:33:01,Nyandarua,-0.38909,36.49743,14.7,92,0.3
2026-03-01 21:33:01,Nyeri,-0.31437,36.93047,11.7,98,0.1
2026-03-01 21:33:01,Samburu,1.54137,36.94154,22.6,75,0.2
2026-03-01 21:33:01,Siaya,-0.05767,34.19989,21.5,83,0
2026-03-01 21:33:01,Taita Taveta,-3.4052,38.37176,18.3,92,0.1
2026-03-01 21:33:01,Tana River,-1.53492,39.55029,28.5,73,0
2026-03-01 21:33:01,Tharaka-Nithi,-0.19145,37.96042,24.9,76,0.4
2026-03-01 21:33:01,Trans Nzoia,1.04592,34.98078,17.1,89,0
2026-03-01 21:33:01,Turkana,3.16249,35.31349,27.4,60,0
2026-03-01 21:33:01,Uasin Gishu,0.47819,35.3038,16,87,0
2026-03-01 21:33:01,Vihiga,0.08486,34.70778,18.6,86,0.1
2026-03-01 21:33:01,Wajir,1.93971,40.02451,29.8,57,0
2026-03-01 21:33:01,West Pokot,1.89337,35.21277,20.1,78,0.2
2026-03-01 21:33:01,Nakuru,-0.45845,36.10038,17,88,0.2
2026-03-01 22:23:52,Baringo,0.72635,36.01859,20.2,93,1
2026-03-01 22:23:52,Bomet,-0.71609,35.23846,16.2,95,0
2026-03-01 22:23:52,Bungoma,0.78569,34.71876,17.1,87,0
2026-03-01 22:23:52,Busia,0.37571,34.26511,19.6,88,0
2026-03-01 22:23:52,Elgeyo-Marakwet,0.7451,35.56086,16.3,84,0.3
2026-03-01 22:23:52,Embu,-0.53283,37.66463,19.1,92,0.2
2026-03-01 22:23:52,Garissa,-0.52049,40.35559,28.3,70,0
2026-03-01 22:23:52,Homa Bay,-0.5624,34.31453,20,84,0
2026-03-01 22:23:52,Isiolo,1.00639,38.74765,29.1,56,0
2026-03-01 22:23:52,Kajiado,-2.11237,36.77761,17.6,94,0.2
2026-03-01 22:23:52,Kakamega,0.49719,34.80093,18.3,89,0.2
2026-03-01 22:23:52,Kericho,-0.31668,35.226,19,91,0.1
2026-03-01 22:23:52,Kiambu,-1.03438,36.84322,14.5,97,0.9
2026-03-01 22:23:52,Kilifi,-3.15244,39.67271,26,86,0
2026-03-01 22:23:52,Kirinyaga,-0.46735,37.3019,16.3,96,0.2
2026-03-01 22:23:52,Kisii,-0.73668,34.75351,18.6,91,0
2026-03-01 22:23:52,Kisumu,-0.19438,34.77733,22.5,80,0.1
2026-03-01 22:23:52,Kitui,-1.56049,38.37181,26.6,65,0
2026-03-01 22:23:52,Kwale,-4.12059,39.06614,24.8,88,0.3
2026-03-01 22:23:52,Laikipia,0.28913,36.82525,16.9,91,0.7
2026-03-01 22:23:52,Lamu,-2.06368,40.54583,27.2,83,0
2026-03-01 22:23:52,Machakos,-1.27624,37.3946,19.3,87,0.2
2026-03-01 22:23:52,Makueni,-2.25364,37.87666,22.1,83,0.4
2026-03-01 22:23:52,Mandera,3.23096,40.71135,28.2,55,0
2026-03-01 22:23:52,Marsabit,2.86048,37.71488,29.2,64,0
2026-03-01 22:23:52,Meru,0.22905,37.77611,18.9,87,0
2026-03-01 22:23:52,Migori,-1.0187,34.30917,20.6,84,0
2026-03-01 22:23:52,Mombasa,-3.99045,39.70113,27,81,0
2026-03-01 22:23:52,Murang'a,-0.82852,37.00417,15.6,95,0.5
2026-03-01 22:23:52,Nairobi,-1.30049,36.82793,17.4,91,0.6
2026-03-01 22:23:52,Nandi,0.22735,35.12388,15.4,90,0
2026-03-01 22:23:52,Narok,-1.27988,35.47636,16.3,96,0
2026-03-01 22:23:52,Nyamira,-0.64938,34.9334,16.9,90,0
2026-03-01 22:23:52,Nyandarua,-0.38909,36.49743,14.6,93,0.1
2026-03-01 22:23:52,Nyeri,-0.31437,36.93047,11.7,98,0
2026-03-01 22:23:52,Samburu,1.54137,36.94154,22.2,76,0.1
2026-03-01 22:23:52,Siaya,-0.05767,34.19989,21.3,85,0
2026-03-01 22:23:52,Taita Taveta,-3.4052,38.37176,18.2,92,0
2026-03-01 22:23:52,Tana River,-1.53492,39.55029,28.4,71,0
2026-03-01 22:23:52,Tharaka-Nithi,-0.19145,37.96042,24.5,76,0.3
2026-03-01 22:23:52,Trans Nzoia,1.04592,34.98078,16.9,91,0.1
2026-03-01 22:23:52,Turkana,3.16249,35.31349,26.9,62,0
2026-03-01 22:23:52,Uasin Gishu,0.47819,35.3038,15.8,89,0.1
2026-03-01 22:23:52,Vihiga,0.08486,34.70778,18.4,88,0
2026-03-01 22:23:52,Wajir,1.93971,40.02451,29,59,0
2026-03-01 22:23:52,West Pokot,1.89337,35.21277,19.9,80,0
2026-03-01 22:23:52,Nakuru,-0.45845,36.10038,16.9,89,0.2
2026-03-01 23:26:26,Baringo,0.72635,36.01859,20,92,1.3
2026-03-01 23:26:26,Bomet,-0.71609,35.23846,16.1,96,0
2026-03-01 23:26:26,Bungoma,0.78569,34.71876,17.4,84,0
2026-03-01 23:26:26,Busia,0.37571,34.26511,19.4,90,0
2026-03-01 23:26:26,Elgeyo-Marakwet,0.7451,35.56086,15.9,87,0.2
2026-03-01 23:26:26,Embu,-0.53283,37.66463,18.7,93,0.1
2026-03-01 23:26:26,Garissa,-0.52049,40.35559,27.6,71,0
2026-03-01 23:26:26,Homa Bay,-0.5624,34.31453,19.8,82,0
2026-03-01 23:26:26,Isiolo,1.00639,38.74765,28.5,59,0
2026-03-01 23:26:26,Kajiado,-2.11237,36.77761,17.4,93,0.2
2026-03-01 23:26:26,Kakamega,0.49719,34.80093,17.8,92,0.2
2026-03-01 23:26:26,Kericho,-0.31668,35.226,19,90,0.2
2026-03-01 23:26:26,Kiambu,-1.03438,36.84322,14.2,98,0.4
2026-03-01 23:26:26,Kilifi,-3.15244,39.67271,25.6,89,0
2026-03-01 23:26:26,Kirinyaga,-0.46735,37.3019,15.8,97,0.2
2026-03-01 23:26:26,Kisii,-0.73668,34.75351,18.3,92,0
2026-03-01 23:26:26,Kisumu,-0.19438,34.77733,22.5,79,0
2026-03-01 23:26:26,Kitui,-1.56049,38.37181,24.5,79,0.4
2026-03-01 23:26:26,Kwale,-4.12059,39.06614,24.3,92,0
2026-03-01 23:26:26,Laikipia,0.28913,36.82525,16.5,91,0.5
2026-03-01 23:26:26,Lamu,-2.06368,40.54583,26.6,87,0
2026-03-01 23:26:26,Machakos,-1.27624,37.3946,19,89,0.2
2026-03-01 23:26:26,Makueni,-2.25364,37.87666,21.7,85,0.2
2026-03-01 23:26:26,Mandera,3.23096,40.71135,27.6,57,0
2026-03-01 23:26:26,Marsabit,2.86048,37.71488,27.3,71,0
2026-03-01 23:26:26,Meru,0.22905,37.77611,18.3,90,0
2026-03-01 23:26:26,Migori,-1.0187,34.30917,20.4,84,0
2026-03-01 23:26:26,Mombasa,-3.99045,39.70113,26.7,83,0
2026-03-01 23:26:26,Murang'a,-0.82852,37.00417,15.2,96,0.2
2026-03-01 23:26:26,Nairobi,-1.30049,36.82793,16.9,93,0.5
2026-03-01 23:26:26,Nandi,0.22735,35.12388,15.1,91,0
2026-03-01 23:26:26,Narok,-1.27988,35.47636,15.9,97,0
2026-03-01 23:26:26,Nyamira,-0.64938,34.9334,16.5,91,0
2026-03-01 23:26:26,Nyandarua,-0.38909,36.49743,14.4,92,0
2026-03-01 23:26:26,Nyeri,-0.31437,36.93047,11.7,95,0
2026-03-01 23:26:26,Samburu,1.54137,36.94154,22.1,76,0
2026-03-01 23:26:26,Siaya,-0.05767,34.19989,21,88,0
2026-03-01 23:26:26,Taita Taveta,-3.4052,38.37176,17.8,93,0
2026-03-01 23:26:26,Tana River,-1.53492,39.55029,27.5,70,0
2026-03-01 23:26:26,Tharaka-Nithi,-0.19145,37.96042,24.1,79,0.2
2026-03-01 23:26:26,Trans Nzoia,1.04592,34.98078,16.8,92,0.2
2026-03-01 23:26:26,Turkana,3.16249,35.31349,27,60,0
2026-03-01 23:26:26,Uasin Gishu,0.47819,35.3038,15.4,91,0
2026-03-01 23:26:26,Vihiga,0.08486,34.70778,18.1,91,0
2026-03-01 23:26:26,Wajir,1.93971,40.02451,27.4,66,0
2026-03-01 23:26:26,West Pokot,1.89337,35.21277,19.5,84,0
2026-03-01 23:26:26,Nakuru,-0.45845,36.10038,16.3,95,0.5
2026-03-02 00:23:50,Baringo,0.72635,36.01859,20.2,89,1
2026-03-02 00:23:50,Bomet,-0.71609,35.23846,16,96,0
2026-03-02 00:23:50,Bungoma,0.78569,34.71876,17.1,85,0
2026-03-02 00:23:50,Busia,0.37571,34.26511,19.1,93,0
2026-03-02 00:23:50,Elgeyo-Marakwet,0.7451,35.56086,15.4,92,0.1
2026-03-02 00:23:50,Embu,-0.53283,37.66463,18.3,93,0.1
2026-03-02 00:23:50,Garissa,-0.52049,40.35559,26.7,73,0
2026-03-02 00:23:50,Homa Bay,-0.5624,34.31453,19.6,82,0
2026-03-02 00:23:50,Isiolo,1.00639,38.74765,27.7,62,0
2026-03-02 00:23:50,Kajiado,-2.11237,36.77761,17.2,92,0.1
2026-03-02 00:23:50,Kakamega,0.49719,34.80093,17.5,94,0.1
2026-03-02 00:23:50,Kericho,-0.31668,35.226,18.9,89,0.2
2026-03-02 00:23:50,Kiambu,-1.03438,36.84322,13.8,98,0.3
2026-03-02 00:23:50,Kilifi,-3.15244,39.67271,25.5,90,0
2026-03-02 00:23:50,Kirinyaga,-0.46735,37.3019,15.5,97,0.1
2026-03-02 00:23:50,Kisii,-0.73668,34.75351,17.9,92,0
2026-03-02 00:23:50,Kisumu,-0.19438,34.77733,22.2,81,0
2026-03-02 00:23:50,Kitui,-1.56049,38.37181,24,81,1.4
2026-03-02 00:23:50,Kwale,-4.12059,39.06614,23.7,95,0
2026-03-02 00:23:50,Laikipia,0.28913,36.82525,16.2,92,0.3
2026-03-02 00:23:50,Lamu,-2.06368,40.54583,26.1,89,0
2026-03-02 00:23:50,Machakos,-1.27624,37.3946,18.5,90,0.1
2026-03-02 00:23:50,Makueni,-2.25364,37.87666,21.4,86,0.1
2026-03-02 00:23:50,Mandera,3.23096,40.71135,27.2,58,0
2026-03-02 00:23:50,Marsabit,2.86048,37.71488,26.7,72,0
2026-03-02 00:23:50,Meru,0.22905,37.77611,18,90,0
2026-03-02 00:23:50,Migori,-1.0187,34.30917,20.1,85,0
2026-03-02 00:23:50,Mombasa,-3.99045,39.70113,26.4,85,0
2026-03-02 00:23:50,Murang'a,-0.82852,37.00417,14.8,97,0.2
2026-03-02 00:23:50,Nairobi,-1.30049,36.82793,16.5,94,0.5
2026-03-02 00:23:50,Nandi,0.22735,35.12388,14.8,92,0
2026-03-02 00:23:50,Narok,-1.27988,35.47636,15.6,98,0
2026-03-02 00:23:50,Nyamira,-0.64938,34.9334,16.5,90,0
2026-03-02 00:23:50,Nyandarua,-0.38909,36.49743,14.2,92,0.1
2026-03-02 00:23:50,Nyeri,-0.31437,36.93047,11.5,94,0
2026-03-02 00:23:50,Samburu,1.54137,36.94154,21.8,76,0
2026-03-02 00:23:50,Siaya,-0.05767,34.19989,20.9,89,0
2026-03-02 00:23:50,Taita Taveta,-3.4052,38.37176,17.4,94,0.2
2026-03-02 00:23:50,Tana River,-1.53492,39.55029,26.5,77,0
2026-03-02 00:23:50,Tharaka-Nithi,-0.19145,37.96042,23.6,80,0.2
2026-03-02 00:23:50,Trans Nzoia,1.04592,34.98078,16.7,92,0.2
2026-03-02 00:23:50,Turkana,3.16249,35.31349,26.7,60,0
2026-03-02 00:23:50,Uasin Gishu,0.47819,35.3038,15.2,92,0
2026-03-02 00:23:50,Vihiga,0.08486,34.70778,17.7,93,0
2026-03-02 00:23:50,Wajir,1.93971,40.02451,25.9,75,0.1
2026-03-02 00:23:50,West Pokot,1.89337,35.21277,19,87,0
2026-03-02 00:23:50,Nakuru,-0.45845,36.10038,15.9,97,0.7
2026-03-02 01:24:15,Baringo,0.72635,36.01859,20.2,91,0.5
2026-03-02 01:24:15,Bomet,-0.71609,35.23846,15.8,96,0.4
2026-03-02 01:24:15,Bungoma,0.78569,34.71876,15.9,93,0
2026-03-02 01:24:15,Busia,0.37571,34.26511,18.8,95,0.1
2026-03-02 01:24:15,Elgeyo-Marakwet,0.7451,35.56086,15.1,93,0.2
2026-03-02 01:24:15,Embu,-0.53283,37.66463,17.6,92,0
2026-03-02 01:24:15,Garissa,-0.52049,40.35559,26.2,77,0
2026-03-02 01:24:15,Homa Bay,-0.5624,34.31453,19,86,0
2026-03-02 01:24:15,Isiolo,1.00639,38.74765,27.3,62,0
2026-03-02 01:24:15,Kajiado,-2.11237,36.77761,16.8,92,0
2026-03-02 01:24:15,Kakamega,0.49719,34.80093,17.5,93,0
2026-03-02 01:24:15,Kericho,-0.31668,35.226,18.6,92,0.4
2026-03-02 01:24:15,Kiambu,-1.03438,36.84322,13.7,97,0
2026-03-02 01:24:15,Kilifi,-3.15244,39.67271,25.5,90,0
2026-03-02 01:24:15,Kirinyaga,-0.46735,37.3019,15.5,96,0
2026-03-02 01:24:15,Kisii,-0.73668,34.75351,17.6,94,0
2026-03-02 01:24:15,Kisumu,-0.19438,34.77733,21.5,81,0
2026-03-02 01:24:15,Kitui,-1.56049,38.37181,23.9,84,1.5
2026-03-02 01:24:15,Kwale,-4.12059,39.06614,23.6,95,0
2026-03-02 01:24:15,Laikipia,0.28913,36.82525,16,91,0
2026-03-02 01:24:15,Lamu,-2.06368,40.54583,26.1,89,0
2026-03-02 01:24:15,Machakos,-1.27624,37.3946,18.2,89,0
2026-03-02 01:24:15,Makueni,-2.25364,37.87666,21.4,84,0.1
2026-03-02 01:24:15,Mandera,3.23096,40.71135,26.8,58,0
2026-03-02 01:24:15,Marsabit,2.86048,37.71488,27.6,66,0
2026-03-02 01:24:15,Meru,0.22905,37.77611,18,84,0
2026-03-02 01:24:15,Migori,-1.0187,34.30917,19.8,85,0
2026-03-02 01:24:15,Mombasa,-3.99045,39.70113,26.1,86,0
2026-03-02 01:24:15,Murang'a,-0.82852,37.00417,14.7,94,0.1
2026-03-02 01:24:15,Nairobi,-1.30049,36.82793,16.4,92,0.2
2026-03-02 01:24:15,Nandi,0.22735,35.12388,14.7,95,0
2026-03-02 01:24:15,Narok,-1.27988,35.47636,15.7,98,0.1
2026-03-02 01:24:15,Nyamira,-0.64938,34.9334,16.5,92,0
2026-03-02 01:24:15,Nyandarua,-0.38909,36.49743,13.6,95,0.2
2026-03-02 01:24:15,Nyeri,-0.31437,36.93047,10.4,93,0
2026-03-02 01:24:15,Samburu,1.54137,36.94154,21.8,77,0
2026-03-02 01:24:15,Siaya,-0.05767,34.19989,20.1,93,0.1
2026-03-02 01:24:15,Taita Taveta,-3.4052,38.37176,17.3,97,0.1
2026-03-02 01:24:15,Tana River,-1.53492,39.55029,26.1,82,0
2026-03-02 01:24:15,Tharaka-Nithi,-0.19145,37.96042,23.5,75,0.1
2026-03-02 01:24:15,Trans Nzoia,1.04592,34.98078,16.1,93,0.2
2026-03-02 01:24:15,Turkana,3.16249,35.31349,26.4,61,0
2026-03-02 01:24:15,Uasin Gishu,0.47819,35.3038,15,95,0
2026-03-02 01:24:15,Vihiga,0.08486,34.70778,17.4,94,0
2026-03-02 01:24:15,Wajir,1.93971,40.02451,26,74,0
2026-03-02 01:24:15,West Pokot,1.89337,35.21277,18,88,0.2
2026-03-02 01:24:15,Nakuru,-0.45845,36.10038,15.5,98,0.4
2026-03-02 02:25:19,Baringo,0.72635,36.01859,20,91,0.4
2026-03-02 02:25:19,Bomet,-0.71609,35.23846,15.7,96,0.3
2026-03-02 02:25:19,Bungoma,0.78569,34.71876,15.6,94,0
2026-03-02 02:25:19,Busia,0.37571,34.26511,18.7,95,0.1
2026-03-02 02:25:19,Elgeyo-Marakwet,0.7451,35.56086,14.9,94,0.1
2026-03-02 02:25:19,Embu,-0.53283,37.66463,17.2,91,0
2026-03-02 02:25:19,Garissa,-0.52049,40.35559,25.5,82,0
2026-03-02 02:25:19,Homa Bay,-0.5624,34.31453,18.9,86,0
2026-03-02 02:25:19,Isiolo,1.00639,38.74765,27,64,0
2026-03-02 02:25:19,Kajiado,-2.11237,36.77761,16.4,94,0
2026-03-02 02:25:19,Kakamega,0.49719,34.80093,17.3,94,0
2026-03-02 02:25:19,Kericho,-0.31668,35.226,18.6,92,0.4
2026-03-02 02:25:19,Kiambu,-1.03438,36.84322,13.4,98,0
2026-03-02 02:25:19,Kilifi,-3.15244,39.67271,25.3,91,0
2026-03-02 02:25:19,Kirinyaga,-0.46735,37.3019,15.1,96,0
2026-03-02 02:25:19,Kisii,-0.73668,34.75351,17.7,94,0.1
2026-03-02 02:25:19,Kisumu,-0.19438,34.77733,21.4,82,0
2026-03-02 02:25:19,Kitui,-1.56049,38.37181,23.4,83,0.3
2026-03-02 02:25:19,Kwale,-4.12059,39.06614,23.2,96,0
2026-03-02 02:25:19,Laikipia,0.28913,36.82525,15.9,92,0
2026-03-02 02:25:19,Lamu,-2.06368,40.54583,26,90,0
2026-03-02 02:25:19,Machakos,-1.27624,37.3946,17.7,92,0
2026-03-02 02:25:19,Makueni,-2.25364,37.87666,21,85,0.1
2026-03-02 02:25:19,Mandera,3.23096,40.71135,25.6,66,0.1
2026-03-02 02:25:19,Marsabit,2.86048,37.71488,27.3,69,0
2026-03-02 02:25:19,Meru,0.22905,37.77611,17.4,85,0
2026-03-02 02:25:19,Migori,-1.0187,34.30917,19.7,85,0
2026-03-02 02:25:19,Mombasa,-3.99045,39.70113,25.9,87,0
2026-03-02 02:25:19,Murang'a,-0.82852,37.00417,14.5,95,0
2026-03-02 02:25:19,Nairobi,-1.30049,36.82793,16.1,92,0.1
2026-03-02 02:25:19,Nandi,0.22735,35.12388,14.6,96,0.1
2026-03-02 02:25:19,Narok,-1.27988,35.47636,15.7,98,0.1
2026-03-02 02:25:19,Nyamira,-0.64938,34.9334,16.3,93,0
2026-03-02 02:25:19,Nyandarua,-0.38909,36.49743,13,97,0
2026-03-02 02:25:19,Nyeri,-0.31437,36.93047,9.9,93,0
2026-03-02 02:25:19,Samburu,1.54137,36.94154,21.5,77,0
2026-03-02 02:25:19,Siaya,-0.05767,34.19989,19.8,95,0.2
2026-03-02 02:25:19,Taita Taveta,-3.4052,38.37176,17.1,97,0
2026-03-02 02:25:19,Tana River,-1.53492,39.55029,25.7,85,0
2026-03-02 02:25:19,Tharaka-Nithi,-0.19145,37.96042,23.1,76,0.1
2026-03-02 02:25:19,Trans Nzoia,1.04592,34.98078,15.8,96,0.1
2026-03-02 02:25:19,Turkana,3.16249,35.31349,25.9,64,0
2026-03-02 02:25:19,Uasin Gishu,0.47819,35.3038,14.8,96,0
2026-03-02 02:25:19,Vihiga,0.08486,34.70778,17.4,95,0
2026-03-02 02:25:19,Wajir,1.93971,40.02451,25.6,75,0.2
2026-03-02 02:25:19,West Pokot,1.89337,35.21277,17.7,90,0.2
2026-03-02 02:25:19,Nakuru,-0.45845,36.10038,15.3,98,0.4
2026-03-02 04:55:40,Baringo,0.72635,36.01859,19.7,88,0
2026-03-02 04:55:40,Bomet,-0.71609,35.23846,15.6,96,0.1
2026-03-02 04:55:40,Bungoma,0.78569,34.71876,15.7,91,0
2026-03-02 04:55:40,Busia,0.37571,34.26511,18.4,96,0.1
2026-03-02 04:55:40,Elgeyo-Marakwet,0.7451,35.56086,14.8,93,0
2026-03-02 04:55:40,Embu,-0.53283,37.66463,17.3,91,0
2026-03-02 04:55:40,Garissa,-0.52049,40.35559,24.8,89,0
2026-03-02 04:55:40,Homa Bay,-0.5624,34.31453,18.7,87,0
2026-03-02 04:55:40,Isiolo,1.00639,38.74765,25.4,73,0
2026-03-02 04:55:40,Kajiado,-2.11237,36.77761,16.3,94,0.1
2026-03-02 04:55:40,Kakamega,0.49719,34.80093,16.9,96,0
2026-03-02 04:55:40,Kericho,-0.31668,35.226,18.2,95,0.9
2026-03-02 04:55:40,Kiambu,-1.03438,36.84322,12.9,100,0
2026-03-02 04:55:40,Kilifi,-3.15244,39.67271,25,92,0
2026-03-02 04:55:40,Kirinyaga,-0.46735,37.3019,14.9,97,0
2026-03-02 04:55:40,Kisii,-0.73668,34.75351,17.6,94,0.2
2026-03-02 04:55:40,Kisumu,-0.19438,34.77733,20.8,87,0.3
2026-03-02 04:55:40,Kitui,-1.56049,38.37181,22.7,88,0
2026-03-02 04:55:40,Kwale,-4.12059,39.06614,22.9,96,0
2026-03-02 04:55:40,Laikipia,0.28913,36.82525,15.4,96,0
2026-03-02 04:55:40,Lamu,-2.06368,40.54583,25.9,90,0
2026-03-02 04:55:40,Machakos,-1.27624,37.3946,17.6,94,0
2026-03-02 04:55:40,Makueni,-2.25364,37.87666,20.3,87,0
2026-03-02 04:55:40,Mandera,3.23096,40.71135,23.8,85,0.8
2026-03-02 04:55:40,Marsabit,2.86048,37.71488,26,73,0
2026-03-02 04:55:40,Meru,0.22905,37.77611,17.1,87,0
2026-03-02 04:55:40,Migori,-1.0187,34.30917,19.4,86,0
2026-03-02 04:55:40,Mombasa,-3.99045,39.70113,25.1,91,0
2026-03-02 04:55:40,Murang'a,-0.82852,37.00417,13.6,98,0
2026-03-02 04:55:40,Nairobi,-1.30049,36.82793,15.8,94,0
2026-03-02 04:55:40,Nandi,0.22735,35.12388,14.5,96,0.5
2026-03-02 04:55:40,Narok,-1.27988,35.47636,15.6,98,0
2026-03-02 04:55:40,Nyamira,-0.64938,34.9334,16,94,0
2026-03-02 04:55:40,Nyandarua,-0.38909,36.49743,12.1,93,0
2026-03-02 04:55:40,Nyeri,-0.31437,36.93047,9.3,87,0
2026-03-02 04:55:40,Samburu,1.54137,36.94154,20.5,81,0
2026-03-02 04:55:40,Siaya,-0.05767,34.19989,19.2,98,0
2026-03-02 04:55:40,Taita Taveta,-3.4052,38.37176,16.9,98,0
2026-03-02 04:55:40,Tana River,-1.53492,39.55029,25.5,83,0
2026-03-02 04:55:40,Tharaka-Nithi,-0.19145,37.96042,22.5,76,0.1
2026-03-02 04:55:40,Trans Nzoia,1.04592,34.98078,15.4,98,0
2026-03-02 04:55:40,Turkana,3.16249,35.31349,24.3,71,0
2026-03-02 04:55:40,Uasin Gishu,0.47819,35.3038,14.5,98,0
2026-03-02 04:55:40,Vihiga,0.08486,34.70778,17.1,95,0
2026-03-02 04:55:40,Wajir,1.93971,40.02451,25.2,81,0.6
2026-03-02 04:55:40,West Pokot,1.89337,35.21277,16.9,94,0
2026-03-02 04:55:40,Nakuru,-0.45845,36.10038,14.9,100,0.2
